first_name,last_name,date_of_birth,incident_severity,num_vehicles_involved,num_injuries,num_witnesses,police_report_available,injury_claim,vehicle_claim,incident_hour,customer_age,policy_deductable,policy_annual_premium,num_claims_past_year,EVENT_LABEL,EVENT_TIMESTAMP,EVENT_ID,ENTITY_TYPE,ENTITY_ID,policy_id,incident_type,LABEL_TIMESTAMP
Rickey,Robinson,10/7/1956,6,1,3,3,0,6778,2673,12,47,805,2526,4,fraud,2022-10-15T08:42:19Z,668c6044-4949-47f1-abf0-02473c981950,customer,c016-95635874,668c6044-4949-47f1-abf0-02473c981950,collision,2023-03-06T15:05:50Z
Vicki,Potter,12/25/2004,6,2,8,2,0,8157,3755,7,54,453,2113,4,fraud,2022-10-14T01:12:46Z,b87739df-f6f6-4d56-8c9d-065ccb91d625,customer,d736-69802787,b87739df-f6f6-4d56-8c9d-065ccb91d625,collision,2023-03-06T15:05:50Z
Bryce,Shields,3/19/1961,5,2,3,2,0,6703,4447,6,38,690,2681,5,fraud,2022-08-11T23:04:56Z,d70505bd-b4ff-4920-9f38-fc767e20105f,customer,a275-26655772,d70505bd-b4ff-4920-9f38-fc767e20105f,collision,2023-03-06T15:05:50Z
Terrance,Gould,11/30/2015,4,2,3,1,0,8118,2771,6,43,588,2772,6,fraud,2023-01-16T17:07:30Z,2a486c28-d4d2-47b9-b14d-fb70d470b44a,customer,d608-68006024,2a486c28-d4d2-47b9-b14d-fb70d470b44a,breakin,2023-03-06T15:05:50Z
Oscar,Herman,1/23/1977,6,1,7,2,0,6202,3999,16,52,163,4067,3,fraud,2022-09-14T20:24:24Z,90a9fb53-67ac-4457-9138-6702dda0e5be,customer,a307-85988254,90a9fb53-67ac-4457-9138-6702dda0e5be,collision,2023-03-06T15:05:50Z
Mario,Payne,2/3/1920,4,2,2,2,0,7787,2619,8,45,744,2692,4,fraud,2022-06-13T02:42:40Z,14c2d7d6-e53b-411e-93c9-3ac5facbdb12,customer,a816-15401219,14c2d7d6-e53b-411e-93c9-3ac5facbdb12,collision,2023-03-06T15:05:50Z
Eduardo,Conrad,3/2/1917,5,2,2,1,0,12048,2620,5,44,558,2867,3,fraud,2022-04-02T04:43:48Z,04bcd1c0-6b69-4262-83c1-75b6e74d2036,customer,d179-02919399,04bcd1c0-6b69-4262-83c1-75b6e74d2036,collision,2023-03-06T15:05:50Z
Joe,Hendrix,10/21/1931,4,2,4,2,0,5508,3690,11,46,609,2630,6,fraud,2022-07-24T00:58:08Z,873569a4-e194-4451-a602-ba88053331ed,customer,d700-91867693,873569a4-e194-4451-a602-ba88053331ed,theft,2023-03-06T15:05:50Z
Logan,Fisher,5/28/1980,5,2,2,1,0,8769,3932,4,43,466,2314,4,fraud,2022-04-17T13:31:08Z,ea8e0fcb-376c-408a-83de-c928f526c0c8,customer,b385-05602185,ea8e0fcb-376c-408a-83de-c928f526c0c8,theft,2023-03-06T15:05:50Z
Michelle,Parker,8/9/1995,6,2,6,3,0,8836,3390,7,41,583,2646,3,fraud,2022-10-12T22:21:52Z,c76dea8b-bb80-44e3-a975-e163e306c172,customer,b627-43479559,c76dea8b-bb80-44e3-a975-e163e306c172,collision,2023-03-06T15:05:50Z
Kristine,Odonnell,5/3/1950,7,1,5,2,0,7648,2917,13,52,359,2767,4,fraud,2023-01-21T14:59:28Z,e88ac126-5c88-40da-9f89-b67e82becfca,customer,c993-84984672,e88ac126-5c88-40da-9f89-b67e82becfca,breakin,2023-03-06T15:05:50Z
Ellen,Neal,4/3/1955,8,1,7,2,0,8967,3083,9,45,393,2614,5,fraud,2023-01-20T14:49:25Z,bd1aed15-56d0-4b14-a1c5-70c04ea565d1,customer,d516-78342001,bd1aed15-56d0-4b14-a1c5-70c04ea565d1,collision,2023-03-06T15:05:50Z
Paula,Stafford,6/12/1925,5,2,3,2,0,8648,2166,7,40,697,2556,4,fraud,2023-01-12T13:06:56Z,b7d9be90-107d-47d9-ab0f-290559b16c67,customer,c275-50375243,b7d9be90-107d-47d9-ab0f-290559b16c67,breakin,2023-03-06T15:05:50Z
Marco,Levine,10/20/1970,5,2,4,2,0,6583,3245,12,39,648,2651,6,fraud,2022-10-12T20:46:29Z,9fa7dfe1-a351-4a33-9cd5-e199b8573437,customer,b360-46521164,9fa7dfe1-a351-4a33-9cd5-e199b8573437,breakin,2023-03-06T15:05:50Z
Reginald,Garrett,9/25/2008,3,2,5,2,0,5373,3181,9,42,502,2883,5,fraud,2023-01-13T08:48:20Z,cb7319ad-3375-40b3-b368-e1ab8050e528,customer,a905-86258253,cb7319ad-3375-40b3-b368-e1ab8050e528,theft,2023-03-06T15:05:50Z
Mariah,Richard,12/17/1939,6,2,6,3,0,9125,3830,12,45,241,2901,1,fraud,2022-09-19T19:52:34Z,4f2b4963-10ef-430f-b340-7c355c3f60e7,customer,b004-51479775,4f2b4963-10ef-430f-b340-7c355c3f60e7,theft,2023-03-06T15:05:50Z
Kurt,Riggs,7/7/2019,4,2,4,2,0,6519,3628,9,47,480,2797,6,fraud,2023-02-22T14:35:27Z,f5a9210c-5670-4f8b-b4c0-ded68dc1ff9d,customer,c860-43583294,f5a9210c-5670-4f8b-b4c0-ded68dc1ff9d,theft,2023-03-06T15:05:50Z
Andrea,Jacobson,10/11/1913,6,1,5,3,0,8495,3867,13,39,313,3472,2,fraud,2023-02-24T00:59:05Z,f4c314cd-cf9d-44ac-86e3-0b52ebad9c11,customer,a872-35237608,f4c314cd-cf9d-44ac-86e3-0b52ebad9c11,collision,2023-03-06T15:05:50Z
Kendra,Alvarado,10/6/1916,8,2,6,3,0,10227,2818,11,51,484,2001,5,fraud,2022-12-17T11:45:18Z,f0c2d0e8-8f09-40b2-9e91-288f6521ae99,customer,b503-70188576,f0c2d0e8-8f09-40b2-9e91-288f6521ae99,theft,2023-03-06T15:05:50Z
Kara,Hutchinson,12/28/1974,6,2,6,3,0,6154,3944,14,51,252,2961,2,fraud,2022-03-07T20:29:04Z,9810a48e-d0e5-4249-a0f7-1c2822d294ea,customer,c607-72698717,9810a48e-d0e5-4249-a0f7-1c2822d294ea,breakin,2023-03-06T15:05:50Z
Judith,Zavala,3/11/2019,7,2,7,3,0,7686,5430,13,43,462,3220,3,fraud,2022-04-14T15:10:44Z,66bc81ed-9406-4a66-bdab-d43b0b4f7bf8,customer,d568-30766278,66bc81ed-9406-4a66-bdab-d43b0b4f7bf8,theft,2023-03-06T15:05:50Z
Vanessa,Fry,12/12/1976,6,2,5,3,0,9768,2328,16,54,132,2921,3,fraud,2022-09-15T07:09:22Z,522da069-1e1b-400f-b2f6-f37d9e9d66e0,customer,b253-76581200,522da069-1e1b-400f-b2f6-f37d9e9d66e0,breakin,2023-03-06T15:05:50Z
Kurt,Cuevas,2/3/1997,5,2,5,2,0,4548,5258,10,34,544,2701,5,fraud,2022-07-21T13:17:36Z,08950c8a-4952-49ee-84bd-45f9b5da2b6c,customer,a015-44450217,08950c8a-4952-49ee-84bd-45f9b5da2b6c,breakin,2023-03-06T15:05:50Z
April,Harding,4/20/1942,7,2,6,3,0,8892,3171,11,53,414,1594,3,fraud,2022-11-10T15:41:37Z,dde27bd2-bc54-43df-aeb7-2d67970a7673,customer,c458-88853952,dde27bd2-bc54-43df-aeb7-2d67970a7673,theft,2023-03-06T15:05:50Z
Vernon,Cuevas,11/30/1993,7,2,4,3,0,6422,2797,13,37,248,2936,3,fraud,2023-02-23T23:47:59Z,30a82542-6fb2-47bc-91ad-831d4fc49678,customer,b549-02878700,30a82542-6fb2-47bc-91ad-831d4fc49678,breakin,2023-03-06T15:05:50Z
Kevin,George,6/30/2005,8,2,7,3,0,7834,3019,13,49,409,3081,4,fraud,2022-03-24T03:37:12Z,eff498d0-8e6a-4c20-b0b2-d693b2e46429,customer,d992-08069922,eff498d0-8e6a-4c20-b0b2-d693b2e46429,theft,2023-03-06T15:05:50Z
Gina,Dalton,2/3/1971,4,2,4,2,0,7224,3856,9,39,652,2202,6,fraud,2022-06-10T23:24:22Z,69758df2-3640-4560-a6a6-d4327f4eefe5,customer,b083-04319499,69758df2-3640-4560-a6a6-d4327f4eefe5,collision,2023-03-06T15:05:50Z
Dennis,Pena,1/25/1944,4,2,5,2,0,6397,2602,11,43,529,3346,3,fraud,2023-01-02T22:18:38Z,8fee237f-593d-4185-804c-797f13a41608,customer,a949-40341031,8fee237f-593d-4185-804c-797f13a41608,theft,2023-03-06T15:05:50Z
Joe,Gibbs,7/29/1906,7,2,5,2,0,7736,2380,12,40,359,2853,4,fraud,2022-10-29T05:54:05Z,2560ad1b-17f7-429c-a885-b53571b275c2,customer,c068-82980800,2560ad1b-17f7-429c-a885-b53571b275c2,collision,2023-03-06T15:05:50Z
Christine,Flynn,11/22/2000,6,3,8,3,0,6941,6163,13,46,563,2570,3,fraud,2022-07-25T14:32:38Z,f82d261a-2c92-449c-9a14-075642d92405,customer,a514-21148071,f82d261a-2c92-449c-9a14-075642d92405,collision,2023-03-06T15:05:50Z
Brittany,Barnes,5/11/1937,7,2,7,3,0,7703,5277,21,48,326,3271,3,fraud,2023-02-01T20:05:29Z,3fd016f1-f590-474d-9c0e-090dba1ef82c,customer,c982-76742875,3fd016f1-f590-474d-9c0e-090dba1ef82c,theft,2023-03-06T15:05:50Z
Christie,Mccarthy,10/7/1911,4,2,3,1,0,9164,4457,9,42,488,2655,5,fraud,2022-11-26T04:32:03Z,519220c8-f95f-44f6-a7b9-84ca512f3095,customer,c697-49157977,519220c8-f95f-44f6-a7b9-84ca512f3095,collision,2023-03-06T15:05:50Z
Melvin,Ellis,8/25/2005,5,2,4,2,0,6385,2878,12,37,507,2888,5,fraud,2022-05-13T00:21:59Z,26026c25-c5f8-4de9-be60-14a5cf361207,customer,a834-65285670,26026c25-c5f8-4de9-be60-14a5cf361207,theft,2023-03-06T15:05:50Z
Maxwell,Haynes,3/12/1916,6,2,3,2,0,7651,5677,8,37,563,2865,5,fraud,2022-10-31T00:31:33Z,ae712599-ab35-4cb1-80bb-ddea3b02b1f5,customer,b964-82717313,ae712599-ab35-4cb1-80bb-ddea3b02b1f5,collision,2023-03-06T15:05:50Z
Nathaniel,Dickerson,7/26/1909,3,2,5,2,0,4480,3158,9,41,454,3143,5,fraud,2022-10-11T15:20:13Z,9b6882d4-c72a-4036-8f8b-20ad0ce1d059,customer,a462-13728889,9b6882d4-c72a-4036-8f8b-20ad0ce1d059,theft,2023-03-06T15:05:50Z
Gene,Richard,10/18/1912,5,2,3,2,0,6155,3636,9,46,646,2528,4,fraud,2022-06-07T09:00:58Z,7c860a6e-fe89-4234-a1c0-df02aa941edc,customer,c272-65362222,7c860a6e-fe89-4234-a1c0-df02aa941edc,breakin,2023-03-06T15:05:50Z
Samantha,Matthews,5/13/2007,5,2,4,2,0,6340,2498,10,39,554,2245,4,fraud,2023-01-14T22:40:31Z,5e409c30-801a-4128-9438-2c88431d6684,customer,b541-41273247,5e409c30-801a-4128-9438-2c88431d6684,theft,2023-03-06T15:05:50Z
Jerome,Curtis,7/6/1952,7,2,5,3,0,8052,2336,17,51,219,2627,4,fraud,2022-03-26T16:54:25Z,a709f673-2161-4d4a-8583-19ee8e36bb50,customer,d541-20668121,a709f673-2161-4d4a-8583-19ee8e36bb50,breakin,2023-03-06T15:05:50Z
Jaclyn,Floyd,9/13/1952,4,2,5,2,0,8053,4090,7,29,525,3216,5,fraud,2022-06-29T00:58:14Z,5cc0b60b-8f61-4024-9124-7a93c0628299,customer,a310-32736647,5cc0b60b-8f61-4024-9124-7a93c0628299,collision,2023-03-06T15:05:50Z
Brent,Schwartz,11/9/1957,4,2,4,2,0,6402,4082,10,33,503,3221,6,fraud,2022-04-10T06:14:05Z,bbb45efa-8474-4f49-8af8-a408beea62b7,customer,c113-31729959,bbb45efa-8474-4f49-8af8-a408beea62b7,collision,2023-03-06T15:05:50Z
Theresa,Logan,2/7/1987,6,2,7,3,0,7709,5135,9,47,554,2467,3,fraud,2022-07-06T18:12:06Z,efc58d67-0e12-41b1-a927-a9950fa6de4d,customer,c876-88237364,efc58d67-0e12-41b1-a927-a9950fa6de4d,breakin,2023-03-06T15:05:50Z
Kristina,Rocha,6/30/1916,6,2,5,3,0,8432,3379,16,36,279,3593,1,fraud,2022-12-13T00:36:43Z,75388135-b25b-4165-9b43-d01654b8d6da,customer,c695-09859136,75388135-b25b-4165-9b43-d01654b8d6da,collision,2023-03-06T15:05:50Z
Tanya,Rocha,2/23/2021,3,2,3,2,0,7047,3480,10,45,602,2745,6,fraud,2022-11-15T09:26:55Z,a33fd3af-2879-4182-97da-ab0b4470f4a5,customer,d796-79139717,a33fd3af-2879-4182-97da-ab0b4470f4a5,theft,2023-03-06T15:05:50Z
Raven,Houston,2/28/1940,7,2,6,3,0,6618,4731,12,44,552,2965,5,fraud,2022-05-04T08:30:11Z,6410a2f6-efc9-4cba-a34b-6a2acc659d15,customer,d695-92693966,6410a2f6-efc9-4cba-a34b-6a2acc659d15,theft,2023-03-06T15:05:50Z
Joanne,Roth,10/12/1919,8,2,6,2,0,7598,2923,11,40,433,2724,5,fraud,2022-11-12T03:26:08Z,81baeeb6-5255-4c51-88e8-f961edbee083,customer,a947-52473022,81baeeb6-5255-4c51-88e8-f961edbee083,collision,2023-03-06T15:05:50Z
Helen,Kaufman,11/22/2016,7,2,4,2,0,6136,1966,13,54,248,2594,3,fraud,2022-12-03T11:30:00Z,f3a2454b-213c-4de3-991b-6d4c97aaa48e,customer,a348-62663335,f3a2454b-213c-4de3-991b-6d4c97aaa48e,theft,2023-03-06T15:05:50Z
Harold,Collins,1/22/2015,4,2,3,2,0,8653,6233,7,44,524,1626,4,fraud,2022-03-13T07:39:42Z,58fea4c4-4a9b-4226-ba81-f5998a7f7fdc,customer,a697-72553176,58fea4c4-4a9b-4226-ba81-f5998a7f7fdc,breakin,2023-03-06T15:05:50Z
Drew,Logan,2/5/1974,4,1,4,1,0,11855,3963,10,36,557,3297,5,fraud,2022-04-23T09:49:03Z,4a6c289a-4827-40d6-a31a-3a760a95be17,customer,d402-98845230,4a6c289a-4827-40d6-a31a-3a760a95be17,breakin,2023-03-06T15:05:50Z
Samantha,Jarvis,11/22/1985,8,1,4,3,0,9980,1401,14,46,328,2033,4,fraud,2022-04-20T22:30:34Z,17efbbe2-dd01-4c84-bb5d-f831f21f4985,customer,b814-89135882,17efbbe2-dd01-4c84-bb5d-f831f21f4985,theft,2023-03-06T15:05:50Z
Sally,Kim,4/9/1965,5,1,4,3,0,10134,1352,11,41,183,3050,0,fraud,2022-06-30T00:35:47Z,bca47f53-5341-4be7-9256-bfdbc5d98a71,customer,d960-85637931,bca47f53-5341-4be7-9256-bfdbc5d98a71,theft,2023-03-06T15:05:50Z
Alyssa,Warner,6/1/2000,4,2,2,2,0,6954,4036,4,40,619,2254,4,fraud,2022-06-11T09:06:03Z,11d7c3c7-4e87-437d-ae3a-e81aa5f3af72,customer,a030-77903394,11d7c3c7-4e87-437d-ae3a-e81aa5f3af72,theft,2023-03-06T15:05:50Z
Cesar,Austin,9/8/1951,9,2,7,2,0,6638,4433,15,53,484,2668,7,fraud,2022-11-14T10:14:30Z,747081a8-6c35-4997-bad7-c66ef26995e9,customer,c432-44206273,747081a8-6c35-4997-bad7-c66ef26995e9,collision,2023-03-06T15:05:50Z
Mike,Ritter,11/7/1960,5,2,4,2,0,6922,1310,8,39,381,3407,5,fraud,2022-07-05T13:18:26Z,61b723ee-1c39-4e54-a179-6e1ae2a3aec6,customer,c492-73016431,61b723ee-1c39-4e54-a179-6e1ae2a3aec6,collision,2023-03-06T15:05:50Z
Francis,Calderon,2/4/1981,3,2,2,2,0,7374,2344,8,50,687,2856,3,fraud,2023-01-14T08:46:28Z,6eac6f26-ba2a-4bf8-9485-35711d784c4f,customer,a240-51471572,6eac6f26-ba2a-4bf8-9485-35711d784c4f,collision,2023-03-06T15:05:50Z
Theresa,Griffith,2/14/1987,5,2,5,2,0,9106,4965,11,36,601,2905,5,fraud,2022-08-20T10:20:13Z,ea4df751-1265-41e3-b860-61e51ebaf253,customer,c539-47980620,ea4df751-1265-41e3-b860-61e51ebaf253,collision,2023-03-06T15:05:50Z
Karla,Ortega,10/7/1909,5,2,2,1,0,9850,4882,5,41,621,2690,4,fraud,2022-04-23T21:26:42Z,89daf134-a798-40e1-809b-276a9260cb41,customer,c421-95942564,89daf134-a798-40e1-809b-276a9260cb41,collision,2023-03-06T15:05:50Z
Perry,Gallagher,7/26/1938,6,2,6,3,0,7455,4291,12,48,418,2452,3,fraud,2022-03-20T00:10:39Z,0e9ea50a-6bf9-4d9c-903c-448aee118c69,customer,b973-14893258,0e9ea50a-6bf9-4d9c-903c-448aee118c69,collision,2023-03-06T15:05:50Z
Jennifer,Vega,7/27/1997,7,2,6,3,0,7997,3323,14,54,384,2332,3,fraud,2022-10-06T04:33:41Z,a352fc19-2423-476a-af89-f3db9ad9998c,customer,b604-62495426,a352fc19-2423-476a-af89-f3db9ad9998c,breakin,2023-03-06T15:05:50Z
Clinton,Barker,5/26/1916,5,2,5,2,0,7222,5746,11,33,649,2946,5,fraud,2022-04-20T12:52:53Z,b69200f4-d711-482c-82de-f78200ebf066,customer,c296-57943775,b69200f4-d711-482c-82de-f78200ebf066,breakin,2023-03-06T15:05:50Z
Jodi,Miles,3/4/2019,6,2,6,2,0,6489,3877,10,46,429,2551,3,fraud,2022-09-27T09:39:47Z,514c8f6c-a5f4-4cc8-913f-563013f13354,customer,a345-24048462,514c8f6c-a5f4-4cc8-913f-563013f13354,breakin,2023-03-06T15:05:50Z
Lisa,Bullock,11/22/2000,6,1,6,3,0,8872,4320,19,56,305,2736,4,fraud,2022-12-29T12:18:09Z,ef5c1786-f4e3-4e8b-89ab-9d17ee1bd0c5,customer,a046-65240584,ef5c1786-f4e3-4e8b-89ab-9d17ee1bd0c5,theft,2023-03-06T15:05:50Z
Daniel,Esparza,10/12/1965,5,2,6,3,0,7270,4624,15,52,405,2770,3,fraud,2022-03-28T09:06:13Z,ddf3a874-6266-422a-b05d-ce8659913032,customer,d564-19013913,ddf3a874-6266-422a-b05d-ce8659913032,theft,2023-03-06T15:05:50Z
Lindsey,Knox,5/13/1956,5,2,3,2,0,9309,4385,7,38,585,2506,6,fraud,2022-12-21T14:49:40Z,782daca1-fb29-465c-8810-a2ed9ba5217d,customer,c537-97671294,782daca1-fb29-465c-8810-a2ed9ba5217d,collision,2023-03-06T15:05:50Z
Shelia,Wilcox,9/5/1966,6,2,7,3,0,7959,4178,14,46,320,3410,4,fraud,2022-03-13T21:39:53Z,dc76ee44-cffe-4ba6-95cb-d0cac5dfdd70,customer,a934-00242987,dc76ee44-cffe-4ba6-95cb-d0cac5dfdd70,theft,2023-03-06T15:05:50Z
Lindsay,Hurst,12/9/2003,6,1,5,2,0,9203,673,9,49,276,2894,2,fraud,2022-03-28T06:01:51Z,dae1985e-bc48-43a4-aa5f-87bdf9d17730,customer,b609-27606094,dae1985e-bc48-43a4-aa5f-87bdf9d17730,breakin,2023-03-06T15:05:50Z
Cassidy,Bauer,11/5/1957,7,2,6,3,0,8204,4180,12,35,456,2952,4,fraud,2023-02-01T20:08:07Z,f3d317fe-7ac4-44c7-9c50-39c0e4a83f7c,customer,a550-95683187,f3d317fe-7ac4-44c7-9c50-39c0e4a83f7c,theft,2023-03-06T15:05:50Z
Joe,Briggs,9/14/1995,4,2,3,1,0,6152,4458,5,38,463,2745,4,fraud,2022-10-13T17:28:24Z,a6a0558b-3fc0-43bc-91cf-9cbf073e40d7,customer,c919-99580604,a6a0558b-3fc0-43bc-91cf-9cbf073e40d7,theft,2023-03-06T15:05:50Z
Roberto,Chambers,2/15/2003,3,2,3,1,0,7394,2341,5,46,505,3186,5,fraud,2022-05-09T07:28:34Z,da1cfd78-ee22-4a17-9ad1-411a90563aeb,customer,d499-74086418,da1cfd78-ee22-4a17-9ad1-411a90563aeb,collision,2023-03-06T15:05:50Z
Luke,Murphy,12/14/1967,4,1,3,3,0,8389,2834,9,45,722,2652,4,fraud,2022-05-19T14:21:58Z,5dfedd47-f63f-4829-944e-c3df7e7833d5,customer,a629-10805533,5dfedd47-f63f-4829-944e-c3df7e7833d5,theft,2023-03-06T15:05:50Z
Brianna,Guerrero,12/29/1966,5,2,4,2,0,10479,2206,11,40,550,3160,4,fraud,2022-07-11T02:10:27Z,71a2aad6-ef49-43e5-af86-4233f26afd34,customer,b998-80095620,71a2aad6-ef49-43e5-af86-4233f26afd34,breakin,2023-03-06T15:05:50Z
Roberta,Kaufman,9/21/1910,5,2,4,2,0,4673,3676,6,35,666,3083,3,fraud,2022-06-07T14:13:01Z,35ac7727-13aa-48c4-a2fd-26fef3fa6db4,customer,d446-12956206,35ac7727-13aa-48c4-a2fd-26fef3fa6db4,collision,2023-03-06T15:05:50Z
Crystal,Bridges,10/26/2011,7,2,7,2,0,7150,4447,14,48,489,2922,5,fraud,2022-06-22T19:16:52Z,cecb073f-1344-48f5-99ec-94f351e4bc55,customer,c636-23239528,cecb073f-1344-48f5-99ec-94f351e4bc55,collision,2023-03-06T15:05:50Z
Lucas,Lane,6/30/1951,4,2,2,2,0,4576,3580,8,50,543,2271,3,fraud,2022-03-08T13:38:06Z,2e1b4c2f-57db-4b0a-abdd-c1787b9d9d5b,customer,d560-26421970,2e1b4c2f-57db-4b0a-abdd-c1787b9d9d5b,theft,2023-03-06T15:05:50Z
Garrett,Frye,9/7/1913,5,2,6,3,0,6760,3914,11,48,419,3078,4,fraud,2022-08-08T02:39:21Z,27796268-ad89-4ac2-9405-bbdd609b6bb3,customer,a587-48809727,27796268-ad89-4ac2-9405-bbdd609b6bb3,breakin,2023-03-06T15:05:50Z
Theresa,Hanna,7/18/2009,7,1,3,2,0,11510,5427,9,28,594,2846,5,fraud,2022-05-18T02:13:19Z,17317a61-6b92-4499-bb6a-efb8e1509bc3,customer,d880-51939293,17317a61-6b92-4499-bb6a-efb8e1509bc3,collision,2023-03-06T15:05:50Z
Terry,Stark,3/21/1961,6,2,6,2,0,8017,2219,13,50,236,3155,2,fraud,2023-02-18T09:12:44Z,4bb3b65c-f222-4910-8393-325745deaa49,customer,a755-54547467,4bb3b65c-f222-4910-8393-325745deaa49,breakin,2023-03-06T15:05:50Z
Dennis,Keller,7/26/2020,6,2,6,2,0,5833,3771,10,43,419,3335,3,fraud,2022-04-03T06:58:39Z,aac61c66-7bc2-42ee-ada6-8492ddb3e87a,customer,c928-45126803,aac61c66-7bc2-42ee-ada6-8492ddb3e87a,collision,2023-03-06T15:05:50Z
Franklin,Chavez,11/8/1948,4,2,4,1,0,7415,3382,8,38,447,3166,4,fraud,2022-09-28T07:17:27Z,47b49adb-9395-4e94-9e2b-d9c0a2bb4a4b,customer,d567-42914406,47b49adb-9395-4e94-9e2b-d9c0a2bb4a4b,breakin,2023-03-06T15:05:50Z
Grace,Summers,5/10/1933,6,2,5,3,0,9157,2594,11,48,317,2438,4,fraud,2022-09-14T22:48:26Z,757a2e2f-aed1-4c90-a7c3-760eaa2b098c,customer,c097-57504098,757a2e2f-aed1-4c90-a7c3-760eaa2b098c,theft,2023-03-06T15:05:50Z
Samantha,Harvey,4/24/2011,6,2,3,2,0,8856,4037,7,40,513,2664,6,fraud,2022-12-05T19:16:50Z,ca82157b-0751-4b38-8fd0-d704db2ff366,customer,b879-46956648,ca82157b-0751-4b38-8fd0-d704db2ff366,collision,2023-03-06T15:05:50Z
Sherri,Jacobs,7/15/1949,8,2,4,3,0,8999,2019,15,47,285,2471,3,fraud,2022-12-13T19:50:13Z,1fbee9cc-1265-45be-b88c-90e831f01e2c,customer,b915-86544814,1fbee9cc-1265-45be-b88c-90e831f01e2c,theft,2023-03-06T15:05:50Z
Felicia,Duncan,6/12/1950,6,1,4,2,0,9628,2956,8,34,555,3328,4,fraud,2022-03-07T08:28:05Z,14bde1ef-a0b3-4341-b13b-f5d9ad609b8a,customer,c811-10340650,14bde1ef-a0b3-4341-b13b-f5d9ad609b8a,breakin,2023-03-06T15:05:50Z
Andres,Kim,3/27/1935,4,2,5,2,0,4534,2599,10,48,550,2684,5,fraud,2022-05-27T19:29:03Z,fec7b281-2c82-48ce-9130-83de69c7bfdf,customer,b412-88580275,fec7b281-2c82-48ce-9130-83de69c7bfdf,breakin,2023-03-06T15:05:50Z
Jerome,Butler,1/16/2003,7,2,6,3,0,6512,4147,16,51,532,2530,4,fraud,2022-12-28T22:47:35Z,594f2dda-b6fc-4243-9dc9-fd77a6d3da46,customer,a483-36739522,594f2dda-b6fc-4243-9dc9-fd77a6d3da46,collision,2023-03-06T15:05:50Z
Paula,Nunez,5/13/1930,4,3,5,3,0,3805,5286,9,42,603,3197,3,fraud,2023-02-13T05:43:36Z,8fdb3a6b-2c9d-4f59-84d1-fbe7a1eab572,customer,a751-39504758,8fdb3a6b-2c9d-4f59-84d1-fbe7a1eab572,theft,2023-03-06T15:05:50Z
Kerri,Bartlett,4/22/1948,4,1,2,2,0,9248,4825,6,42,667,2253,6,fraud,2022-12-18T07:50:09Z,c6bd6b13-e401-429c-855f-c8720c632c5c,customer,b320-34975932,c6bd6b13-e401-429c-855f-c8720c632c5c,collision,2023-03-06T15:05:50Z
Brian,Rivas,5/12/1995,5,2,5,2,0,8623,2932,10,37,539,3362,6,fraud,2022-12-28T06:36:41Z,2d5254f3-ba7b-482e-9080-2069c0606a7b,customer,b051-33481992,2d5254f3-ba7b-482e-9080-2069c0606a7b,theft,2023-03-06T15:05:50Z
Maxwell,Reilly,8/5/2007,6,1,6,2,0,8190,3460,13,48,317,2465,3,fraud,2022-06-05T03:27:29Z,0be3f0bb-01f8-4a32-b40f-bee589b00a5e,customer,b347-37781585,0be3f0bb-01f8-4a32-b40f-bee589b00a5e,breakin,2023-03-06T15:05:50Z
Kevin,Campos,5/18/2019,7,2,4,3,0,7996,2944,13,44,370,2420,1,fraud,2022-05-02T23:55:59Z,a70d4fad-4eec-4b7c-896c-e283ed65afa2,customer,d631-71112873,a70d4fad-4eec-4b7c-896c-e283ed65afa2,theft,2023-03-06T15:05:50Z
Jeremiah,Banks,5/23/2013,5,2,3,2,0,8973,4272,12,37,484,3002,4,fraud,2022-12-30T14:49:17Z,0678b64b-bbef-4c32-bacf-3ff64051bdae,customer,d987-45968326,0678b64b-bbef-4c32-bacf-3ff64051bdae,breakin,2023-03-06T15:05:50Z
Luke,Dickerson,4/19/2014,6,1,8,2,0,7544,3882,10,47,273,3157,4,fraud,2022-12-23T14:39:21Z,81c530ce-68cb-4e81-ac19-cda92ab4b38c,customer,d558-80904712,81c530ce-68cb-4e81-ac19-cda92ab4b38c,collision,2023-03-06T15:05:50Z
Ariana,Fry,1/12/2000,4,2,4,2,0,5856,2945,8,37,546,3081,4,fraud,2022-08-17T08:03:20Z,bd7b34e7-091c-4aff-b4d6-1073b058c87e,customer,c627-78835092,bd7b34e7-091c-4aff-b4d6-1073b058c87e,collision,2023-03-06T15:05:50Z
Bryce,Stafford,1/7/1979,5,2,4,2,0,8642,4911,9,37,586,2340,6,fraud,2022-08-21T21:25:15Z,e92e9a8f-3b39-48dc-a204-79db4cf117fc,customer,a395-82683621,e92e9a8f-3b39-48dc-a204-79db4cf117fc,theft,2023-03-06T15:05:50Z
Robin,Rodgers,10/25/2016,6,3,6,3,0,8176,5169,10,39,513,2826,4,fraud,2022-06-08T14:56:51Z,8df90581-100d-4941-8ca2-bff0d13aeb4d,customer,a703-65575971,8df90581-100d-4941-8ca2-bff0d13aeb4d,breakin,2023-03-06T15:05:50Z
Julian,Terry,8/10/2020,7,2,6,2,0,2772,5729,9,40,641,1973,3,fraud,2022-09-06T19:35:56Z,c2106252-9613-4436-ac3f-f894e83aa7cb,customer,a219-00302236,c2106252-9613-4436-ac3f-f894e83aa7cb,theft,2023-03-06T15:05:50Z
Jaime,Abbott,12/24/1968,4,2,4,2,0,8026,2888,5,36,511,3666,5,fraud,2023-01-13T03:50:41Z,1fa0a628-9b90-4098-9772-3d0d9c5a5e34,customer,b532-72578019,1fa0a628-9b90-4098-9772-3d0d9c5a5e34,breakin,2023-03-06T15:05:50Z
Shelia,Robinson,4/20/2010,4,2,5,2,0,6826,2644,8,36,605,2879,5,fraud,2022-07-27T03:44:01Z,3fe06fb1-b36b-4250-bcb6-2e3037653832,customer,b465-17647734,3fe06fb1-b36b-4250-bcb6-2e3037653832,collision,2023-03-06T15:05:50Z
Mercedes,Larsen,3/26/1999,5,2,6,1,0,5511,4535,10,47,304,2830,1,fraud,2022-04-05T03:30:20Z,26bc1323-fd12-4393-beb7-2ee4958b5183,customer,a670-44644806,26bc1323-fd12-4393-beb7-2ee4958b5183,breakin,2023-03-06T15:05:50Z
Christine,Whitaker,10/28/1964,6,2,7,2,0,4603,4068,11,48,572,2377,4,fraud,2022-11-18T22:10:21Z,bb60bfb3-ea2d-4f91-8ffa-c676ef3433d7,customer,b839-37007237,bb60bfb3-ea2d-4f91-8ffa-c676ef3433d7,collision,2023-03-06T15:05:50Z
Lindsay,Benjamin,2/22/1947,6,2,6,3,0,8312,2627,13,52,200,3506,1,fraud,2022-10-03T02:40:44Z,7df90df1-ba81-432d-bf50-1a0100cae260,customer,b213-20627799,7df90df1-ba81-432d-bf50-1a0100cae260,theft,2023-03-06T15:05:50Z
Sherri,Haas,2/16/1950,5,2,5,1,0,11006,3421,14,40,661,3412,1,,2022-06-26T05:08:13Z,a2b8fcb1-3939-4a6c-b5ea-fa45e1d7f2fa,customer,d632-18959720,a2b8fcb1-3939-4a6c-b5ea-fa45e1d7f2fa,theft,2023-03-06T15:05:50Z
Paula,Bauer,4/29/1988,6,3,4,1,0,9617,3557,13,43,668,3721,2,,2022-06-02T07:52:29Z,cf8b06ad-dd16-4552-9d97-43db15c2fe38,customer,d019-79246049,cf8b06ad-dd16-4552-9d97-43db15c2fe38,breakin,2023-03-06T15:05:50Z
Selena,Combs,1/15/2001,3,2,2,1,0,7649,6025,10,32,372,1762,5,,2022-07-14T14:04:03Z,c3197eb8-772b-41dd-baf9-bdabddac9bf1,customer,d355-28258580,c3197eb8-772b-41dd-baf9-bdabddac9bf1,theft,2023-03-06T15:05:50Z
Amanda,Moody,10/5/1937,7,2,6,2,0,5692,1961,13,37,384,2643,2,,2022-09-04T02:36:07Z,b0ff18bb-e6b3-4c8f-a247-3bb2abdcd6c2,customer,d778-14691836,b0ff18bb-e6b3-4c8f-a247-3bb2abdcd6c2,breakin,2023-03-06T15:05:50Z
Steven,Frederick,1/26/1927,5,2,4,2,0,8900,5273,10,54,520,2361,5,,2022-09-26T15:58:36Z,f8b0521e-6a29-4683-9587-841108c78061,customer,a025-29542034,f8b0521e-6a29-4683-9587-841108c78061,theft,2023-03-06T15:05:50Z
Alison,Franklin,12/1/1955,3,2,5,2,0,13443,4658,11,29,538,2866,3,,2023-01-05T03:16:28Z,575ff0c6-e0ca-4164-9392-d19769368f9e,customer,d578-41476498,575ff0c6-e0ca-4164-9392-d19769368f9e,collision,2023-03-06T15:05:50Z
Carla,Li,11/2/2005,5,2,5,2,0,8624,3426,6,45,598,2999,4,,2022-05-20T12:56:36Z,b1b5a33f-4106-47b8-954e-6e7138cf904e,customer,b689-02104915,b1b5a33f-4106-47b8-954e-6e7138cf904e,breakin,2023-03-06T15:05:50Z
Connie,Jenkins,10/20/1940,2,2,2,1,0,15454,5176,11,35,491,3098,3,,2022-09-02T23:36:35Z,7f1dc67b-dc5f-449a-8f78-767815a89d35,customer,b251-40345850,7f1dc67b-dc5f-449a-8f78-767815a89d35,collision,2023-03-06T15:05:50Z
Francis,Huff,8/4/1998,6,3,6,1,0,4872,3904,13,59,839,2976,4,,2022-11-29T22:04:50Z,cf35863f-390f-4977-957e-94f3889066cb,customer,d249-57818650,cf35863f-390f-4977-957e-94f3889066cb,breakin,2023-03-06T15:05:50Z
Robin,Frey,6/19/1926,5,2,4,2,0,10094,3167,14,36,432,2949,1,,2022-05-25T18:44:22Z,99ddfea8-5bc9-4d8a-b15f-3bcb9a39f90d,customer,d969-06517224,99ddfea8-5bc9-4d8a-b15f-3bcb9a39f90d,breakin,2023-03-06T15:05:50Z
Derek,Lawson,12/9/1924,5,2,2,2,0,10349,5592,11,46,602,1899,5,,2022-12-10T10:50:22Z,c7262e4b-141b-4349-8646-5ea6e859c46c,customer,a610-34652073,c7262e4b-141b-4349-8646-5ea6e859c46c,theft,2023-03-06T15:05:50Z
Daisy,Mcmahon,10/9/1955,5,2,4,2,0,9049,3958,11,39,671,2124,3,,2022-03-20T09:02:09Z,94fc4554-8ca0-4e09-be3f-ecc2605de62a,customer,d398-96862547,94fc4554-8ca0-4e09-be3f-ecc2605de62a,collision,2023-03-06T15:05:50Z
David,Conrad,7/26/1925,5,2,6,3,0,8906,3745,9,37,424,2596,2,,2022-09-02T13:05:29Z,b1e15458-e22f-4389-bc70-e180ceccfeec,customer,b698-37909402,b1e15458-e22f-4389-bc70-e180ceccfeec,collision,2023-03-06T15:05:50Z
Thomas,Phelps,6/5/1926,6,3,2,2,0,8007,3383,14,39,653,1615,3,,2022-09-15T00:07:14Z,5416eae6-eb30-4d7f-a4fd-4e990276b0b5,customer,a271-71969354,5416eae6-eb30-4d7f-a4fd-4e990276b0b5,breakin,2023-03-06T15:05:50Z
Bonnie,Bennett,12/9/1918,4,2,3,2,0,12750,4711,16,34,394,2456,4,,2022-10-21T07:28:03Z,64542d27-47ec-4b9c-830e-454ce2a59a00,customer,d641-11282085,64542d27-47ec-4b9c-830e-454ce2a59a00,theft,2023-03-06T15:05:50Z
Rickey,Schwartz,5/20/1980,7,2,4,2,0,10261,4007,12,52,607,2496,6,,2022-06-12T05:13:22Z,d6df7977-5f73-409a-928b-baeb9cc5123d,customer,b525-86290825,d6df7977-5f73-409a-928b-baeb9cc5123d,collision,2023-03-06T15:05:50Z
Vernon,Doyle,6/19/1941,5,2,3,2,0,10118,5237,7,37,503,2480,6,,2022-12-15T02:59:21Z,8bd18505-248f-4475-a740-51640927bf95,customer,a516-23005845,8bd18505-248f-4475-a740-51640927bf95,collision,2023-03-06T15:05:50Z
Chad,Buchanan,1/12/2006,6,2,3,1,0,10662,2781,6,48,542,2988,6,,2022-10-04T17:41:52Z,892a93f4-0e00-4c5f-978d-7a35a9c814f4,customer,a364-44530135,892a93f4-0e00-4c5f-978d-7a35a9c814f4,collision,2023-03-06T15:05:50Z
Cristina,Mack,11/2/1991,3,2,3,1,0,15076,4408,14,34,652,2349,4,,2022-08-01T01:42:48Z,e1895652-a0d1-46da-bce5-9087102c8997,customer,b562-55172316,e1895652-a0d1-46da-bce5-9087102c8997,collision,2023-03-06T15:05:50Z
Bradley,Juarez,9/20/1985,4,2,2,2,0,9313,6741,15,40,763,1267,7,,2022-10-19T23:49:27Z,761ae998-6046-4a53-9bc5-55f2fec07ef0,customer,d911-89759178,761ae998-6046-4a53-9bc5-55f2fec07ef0,theft,2023-03-06T15:05:50Z
Jay,Mclaughlin,10/17/1929,6,2,4,2,0,9404,3589,13,41,560,3073,2,,2022-11-08T14:50:19Z,19a8388b-0844-4470-8673-05f515377db5,customer,a666-39439169,19a8388b-0844-4470-8673-05f515377db5,collision,2023-03-06T15:05:50Z
Chad,Kline,1/16/1965,4,3,3,2,0,12030,4855,15,36,627,3307,3,,2022-05-07T22:39:02Z,ccd911f0-7a88-4314-819e-5bd133847c42,customer,c721-23679429,ccd911f0-7a88-4314-819e-5bd133847c42,breakin,2023-03-06T15:05:50Z
Chad,Donovan,12/29/2013,4,2,4,2,0,6715,5582,9,50,461,2675,5,,2022-11-04T15:25:40Z,4da1bf1d-7e48-4557-b667-3c58c72eecf9,customer,a038-67602965,4da1bf1d-7e48-4557-b667-3c58c72eecf9,breakin,2023-03-06T15:05:50Z
Kaylee,Neal,11/17/2009,4,2,6,2,0,11258,2457,12,30,455,2742,2,,2022-11-07T03:37:46Z,7a149dff-ccef-4396-84b4-1031d9accf08,customer,c469-20939085,7a149dff-ccef-4396-84b4-1031d9accf08,theft,2023-03-06T15:05:50Z
Jaime,Greer,10/10/1931,5,2,3,1,0,9207,3224,10,43,623,2765,5,,2022-06-21T10:22:56Z,be2a98b2-1553-4799-aad9-169120b091a9,customer,b737-45351971,be2a98b2-1553-4799-aad9-169120b091a9,collision,2023-03-06T15:05:50Z
Anna,Fitzpatrick,1/10/1996,5,2,3,1,0,7166,3903,11,48,608,2791,5,,2022-07-06T02:21:13Z,0b3513b8-719e-4c08-b9d2-2735436ec379,customer,a815-63384644,0b3513b8-719e-4c08-b9d2-2735436ec379,theft,2023-03-06T15:05:50Z
Wyatt,Peterson,9/10/1946,4,2,4,3,0,9185,4642,12,30,424,2279,5,,2022-06-04T20:04:25Z,30d83c73-dc64-48be-ba1e-c73753962c28,customer,b153-39103789,30d83c73-dc64-48be-ba1e-c73753962c28,theft,2023-03-06T15:05:50Z
Kristine,Rosario,3/10/1930,5,3,3,1,0,9713,4494,17,41,717,3355,3,,2022-08-19T03:29:49Z,e7122707-8eae-4b56-b571-bb71806f14a1,customer,a440-34890818,e7122707-8eae-4b56-b571-bb71806f14a1,breakin,2023-03-06T15:05:50Z
Brandi,Giles,3/8/1995,5,2,4,1,0,9527,5234,8,39,801,3331,2,,2022-09-20T00:01:23Z,c6b6fa19-ad48-4268-b653-72193c25a0b5,customer,b633-14016731,c6b6fa19-ad48-4268-b653-72193c25a0b5,collision,2023-03-06T15:05:50Z
Brent,Herman,3/4/2007,3,2,4,2,0,7966,6698,10,35,518,1576,5,,2022-09-11T01:08:44Z,949c16a4-e92d-427d-b98e-ff58096637df,customer,c870-21807815,949c16a4-e92d-427d-b98e-ff58096637df,collision,2023-03-06T15:05:50Z
Michaela,Monroe,10/21/1931,6,3,4,3,0,7444,3156,14,33,487,2121,3,,2023-01-08T04:47:35Z,a57d622e-25b4-47ba-9b4a-594d6746b26e,customer,b729-47452451,a57d622e-25b4-47ba-9b4a-594d6746b26e,collision,2023-03-06T15:05:50Z
Bonnie,Mcpherson,11/9/2005,6,2,2,2,0,9419,4630,14,47,577,3065,4,,2023-02-20T04:37:12Z,53639cd0-a6fc-4b41-8c09-2e215c20db95,customer,d339-75405345,53639cd0-a6fc-4b41-8c09-2e215c20db95,theft,2023-03-06T15:05:50Z
Cathy,Calderon,12/26/1984,5,3,4,2,0,9596,3518,15,32,581,2010,4,,2022-10-03T15:51:10Z,9575cb25-90e7-43ae-b5bc-af5094d1e800,customer,c027-93642104,9575cb25-90e7-43ae-b5bc-af5094d1e800,collision,2023-03-06T15:05:50Z
Terri,Orozco,8/12/2004,3,2,3,2,0,13915,3965,13,41,588,2916,3,,2022-09-20T23:32:01Z,26eee30f-1d6a-4cb4-a5f9-2f14cc6e987d,customer,d537-52295029,26eee30f-1d6a-4cb4-a5f9-2f14cc6e987d,collision,2023-03-06T15:05:50Z
Alexandra,Cantu,7/25/1954,5,2,3,2,0,8399,6477,10,55,627,1578,4,,2022-11-12T01:36:43Z,13f36e0a-9361-416e-b975-34a2446d8fe3,customer,d499-25006994,13f36e0a-9361-416e-b975-34a2446d8fe3,breakin,2023-03-06T15:05:50Z
Rhonda,Briggs,9/2/1956,4,3,3,2,0,6749,7307,10,43,603,1467,6,,2022-09-01T03:26:12Z,4e25ebbf-a03a-4330-a66d-1173cccb0b6f,customer,b254-72101870,4e25ebbf-a03a-4330-a66d-1173cccb0b6f,theft,2023-03-06T15:05:50Z
Mercedes,Reed,1/11/1951,5,2,4,2,0,7773,5126,12,38,470,2884,4,,2022-11-14T11:57:18Z,cd8ed4a7-8344-4c8b-835f-2e88827acf20,customer,c030-35437090,cd8ed4a7-8344-4c8b-835f-2e88827acf20,theft,2023-03-06T15:05:50Z
Valerie,Madden,5/19/1999,6,3,3,2,0,5379,6560,10,52,670,2220,6,,2023-01-08T17:22:20Z,9cf11841-20a2-4293-9899-9f2db16155d4,customer,c654-50872135,9cf11841-20a2-4293-9899-9f2db16155d4,collision,2023-03-06T15:05:50Z
Darryl,Spence,5/2/1924,5,2,3,2,0,8530,6289,6,53,518,1790,4,,2022-04-13T14:08:13Z,d7fea360-0ffd-4eb1-8699-e51f7fd860d1,customer,c903-75505004,d7fea360-0ffd-4eb1-8699-e51f7fd860d1,theft,2023-03-06T15:05:50Z
Thomas,Morrison,2/19/1967,5,2,3,3,0,7768,6896,9,52,579,1729,5,,2022-03-23T06:32:20Z,869f8d7c-9054-482e-a67c-b48b882fb0c2,customer,a417-78565023,869f8d7c-9054-482e-a67c-b48b882fb0c2,breakin,2023-03-06T15:05:50Z
Stacy,Lynch,4/3/1971,4,2,4,2,0,11384,4826,11,31,494,2370,4,,2022-09-14T12:05:46Z,1049dfd9-3c76-419b-b101-ec102c72901a,customer,c266-70126837,1049dfd9-3c76-419b-b101-ec102c72901a,theft,2023-03-06T15:05:50Z
Collin,Mann,6/20/1964,4,3,5,2,0,10225,5620,12,37,641,3928,2,,2023-01-25T20:34:40Z,3dceae39-a6ec-42fe-81c7-4d43391fb041,customer,b660-13684386,3dceae39-a6ec-42fe-81c7-4d43391fb041,collision,2023-03-06T15:05:50Z
Scott,Welch,9/23/1946,3,3,4,2,0,12581,6171,14,34,535,2745,4,,2023-03-03T04:07:24Z,6e2fcfe7-bbe8-4812-a97b-165632186cb7,customer,b860-49731682,6e2fcfe7-bbe8-4812-a97b-165632186cb7,theft,2023-03-06T15:05:50Z
Victor,Ford,11/18/1974,3,2,3,2,0,14247,3317,12,40,419,3671,2,,2022-07-07T19:23:46Z,705dc4e7-8b03-479f-9775-c150ebe9f24e,customer,b875-25048362,705dc4e7-8b03-479f-9775-c150ebe9f24e,breakin,2023-03-06T15:05:50Z
Darlene,Cohen,9/14/1983,5,2,4,2,0,9269,3190,10,34,350,2476,1,,2022-10-11T00:39:09Z,56981b87-b94c-47de-bc73-d94b2c3a1ea2,customer,b751-71425457,56981b87-b94c-47de-bc73-d94b2c3a1ea2,breakin,2023-03-06T15:05:50Z
Derek,Murray,5/8/1934,4,3,3,1,0,13653,4695,12,39,775,2959,3,,2022-11-06T02:59:38Z,a48d782f-0ff4-4d77-be80-f7310ab35f37,customer,c562-72840448,a48d782f-0ff4-4d77-be80-f7310ab35f37,theft,2023-03-06T15:05:50Z
Leroy,Small,5/7/1988,5,2,5,2,0,10860,3194,15,31,568,2992,2,,2023-01-22T05:02:48Z,9bcb9b4a-53f6-4700-b5cb-06c2c56edfd9,customer,d591-86461417,9bcb9b4a-53f6-4700-b5cb-06c2c56edfd9,theft,2023-03-06T15:05:50Z
Carla,Novak,7/8/1923,4,2,2,2,0,8817,6253,8,48,549,1993,5,,2022-11-02T21:34:14Z,83802337-9aff-48d8-ab27-6ad799d2e460,customer,d639-72384900,83802337-9aff-48d8-ab27-6ad799d2e460,collision,2023-03-06T15:05:50Z
Anna,Dickerson,9/2/1920,4,2,5,1,0,14516,2576,15,29,549,3287,3,,2022-10-05T04:56:36Z,d82ed690-6cab-40ed-9c49-4f197b95eb17,customer,b561-21953618,d82ed690-6cab-40ed-9c49-4f197b95eb17,breakin,2023-03-06T15:05:50Z
Theresa,Underwood,2/24/1970,5,2,4,2,0,4574,6178,9,51,515,1898,5,,2022-11-09T16:15:13Z,62cbef63-910d-4d10-8c7f-8cd8aeaae266,customer,c326-60518522,62cbef63-910d-4d10-8c7f-8cd8aeaae266,collision,2023-03-06T15:05:50Z
Linda,Blair,10/15/1951,5,2,5,1,0,8563,5590,8,42,487,2350,7,,2022-07-19T11:50:29Z,06008f70-82d6-4096-b8d5-38f614b3c261,customer,a304-60063205,06008f70-82d6-4096-b8d5-38f614b3c261,collision,2023-03-06T15:05:50Z
Amanda,Mcclure,3/5/1940,6,2,3,1,0,9261,2892,14,38,611,2615,2,,2022-12-15T11:40:59Z,ee303823-7132-46dc-bf79-c9ecb91195cc,customer,a624-84423358,ee303823-7132-46dc-bf79-c9ecb91195cc,collision,2023-03-06T15:05:50Z
Clayton,Fuentes,3/22/1961,5,2,4,2,0,7610,5079,3,53,298,3110,5,,2022-10-04T09:02:19Z,14d4b0c5-afa9-4d25-a823-81158fba7211,customer,a190-67562035,14d4b0c5-afa9-4d25-a823-81158fba7211,collision,2023-03-06T15:05:50Z
Johnathan,Hurst,7/28/2013,5,2,6,1,0,10142,3217,13,33,537,3829,1,,2022-11-18T03:16:19Z,b9b76bb8-bf71-4f4a-9c21-1a0c76d1edfa,customer,b884-19335894,b9b76bb8-bf71-4f4a-9c21-1a0c76d1edfa,theft,2023-03-06T15:05:50Z
Jaime,Moody,1/29/1940,5,3,4,2,0,9434,3703,19,45,560,3699,4,,2022-12-23T08:21:48Z,1430a37f-a8c8-4b55-8fa2-0164813c7917,customer,c637-46803105,1430a37f-a8c8-4b55-8fa2-0164813c7917,theft,2023-03-06T15:05:50Z
Alexis,Flynn,5/26/2015,4,2,3,2,0,13401,3122,14,34,552,2580,3,,2022-11-01T01:09:43Z,0bed46e4-2974-4e7c-93cc-297c9047a56e,customer,d706-26344999,0bed46e4-2974-4e7c-93cc-297c9047a56e,breakin,2023-03-06T15:05:50Z
Travis,Lucas,5/20/1919,5,3,4,2,0,9474,4426,17,37,550,2862,3,,2022-07-06T18:26:45Z,18d67319-f327-41af-b077-3b9dd3241c1d,customer,b243-37359101,18d67319-f327-41af-b077-3b9dd3241c1d,collision,2023-03-06T15:05:50Z
Natalie,Fitzpatrick,7/4/1989,3,2,4,2,0,8623,6536,8,45,442,1649,3,,2022-07-28T04:12:23Z,f8aa863b-db88-4a0f-b9f6-6c067ffc0e1f,customer,b631-13635905,f8aa863b-db88-4a0f-b9f6-6c067ffc0e1f,theft,2023-03-06T15:05:50Z
Colton,Mitchell,9/22/1977,5,2,3,1,0,11551,4970,12,46,552,4230,3,,2023-01-15T12:30:20Z,b66a440b-98b8-47f5-963c-4d71c64a2691,customer,d350-53898498,b66a440b-98b8-47f5-963c-4d71c64a2691,breakin,2023-03-06T15:05:50Z
Amy,Rodriguez,8/8/1985,4,2,3,2,0,12288,3930,11,36,448,3444,3,,2023-01-21T23:22:38Z,a8c3209c-2c71-4a72-84c8-e484b2e63375,customer,b585-28369232,a8c3209c-2c71-4a72-84c8-e484b2e63375,theft,2023-03-06T15:05:50Z
Laurie,Clark,10/12/2020,5,2,5,2,0,8035,4161,10,39,548,2900,2,,2023-01-17T19:32:53Z,2876694a-2922-47f3-860c-7f45307666e3,customer,d591-39181031,2876694a-2922-47f3-860c-7f45307666e3,breakin,2023-03-06T15:05:50Z
Alicia,Franco,3/14/2015,4,2,3,2,0,12490,2620,11,38,481,2748,2,,2022-10-21T19:34:00Z,852600a6-7243-477b-b1fc-e67499f69a5e,customer,a917-19332853,852600a6-7243-477b-b1fc-e67499f69a5e,collision,2023-03-06T15:05:50Z
Michael,Donaldson,3/28/1913,5,2,6,2,0,10042,2255,11,26,527,2495,1,,2023-02-26T17:03:34Z,283c1844-e9a0-4833-8061-66b41d93a61f,customer,d133-05594041,283c1844-e9a0-4833-8061-66b41d93a61f,theft,2023-03-06T15:05:50Z
Johnny,Blake,9/15/1913,5,3,4,2,0,6361,6372,8,39,696,1903,4,,2022-04-26T02:28:06Z,28147f75-03c2-4299-923c-0b35bb9f5a9f,customer,a011-17293205,28147f75-03c2-4299-923c-0b35bb9f5a9f,theft,2023-03-06T15:05:50Z
Claudia,Powell,5/23/1933,6,2,4,2,0,6542,6624,8,54,597,2062,5,,2022-04-02T17:44:42Z,c77f6082-1ae2-4830-8d51-d16b62d327bd,customer,c521-42382164,c77f6082-1ae2-4830-8d51-d16b62d327bd,theft,2023-03-06T15:05:50Z
Amber,Donovan,5/2/1924,5,2,4,2,0,7156,5609,11,47,694,1946,4,,2022-08-22T14:18:05Z,96414093-e874-4d6b-9d72-079c2cb887d4,customer,a726-01768938,96414093-e874-4d6b-9d72-079c2cb887d4,breakin,2023-03-06T15:05:50Z
Laura,Phelps,12/10/1967,3,2,4,2,0,14087,3475,10,32,582,2401,4,,2022-07-01T03:59:02Z,cef31ada-3aaf-46ba-ae7d-5967f89791b7,customer,a147-93292475,cef31ada-3aaf-46ba-ae7d-5967f89791b7,theft,2023-03-06T15:05:50Z
Cory,Knox,2/8/1962,4,2,5,2,0,12857,4684,12,34,468,3766,3,,2022-11-23T07:56:44Z,3091e3d0-5283-4180-96eb-935347018879,customer,c496-66749782,3091e3d0-5283-4180-96eb-935347018879,breakin,2023-03-06T15:05:50Z
Edwin,Kennedy,9/24/2015,5,3,5,1,0,8403,3550,8,56,463,3223,4,,2022-10-11T20:28:20Z,f12adc49-df6a-4b5e-8733-410d605211d9,customer,c857-69058170,f12adc49-df6a-4b5e-8733-410d605211d9,collision,2023-03-06T15:05:50Z
Billy,Hodge,3/24/1943,8,2,4,2,0,8557,6073,4,58,714,2573,6,,2022-10-22T03:32:54Z,714bea04-a1b4-4091-a860-5da3dc36707a,customer,a354-05758014,714bea04-a1b4-4091-a860-5da3dc36707a,collision,2023-03-06T15:05:50Z
Julian,Nicholson,5/11/1965,4,3,3,1,0,12399,4362,13,36,587,3056,4,,2022-04-07T01:44:53Z,64e06b96-53e6-4a9e-9fda-e077b8fb3bbd,customer,c621-34250508,64e06b96-53e6-4a9e-9fda-e077b8fb3bbd,collision,2023-03-06T15:05:50Z
Perry,Krause,7/30/1909,4,2,4,1,0,13178,4552,14,43,710,4182,4,,2022-10-30T20:50:22Z,3fb7d219-f8dd-4da1-9a02-c30479915a09,customer,b951-34043739,3fb7d219-f8dd-4da1-9a02-c30479915a09,breakin,2023-03-06T15:05:50Z
Melvin,Wyatt,11/17/1992,4,2,4,2,0,5023,5687,11,49,697,1788,4,,2022-05-05T19:17:58Z,22090b20-468e-4fba-a590-862f5bce19e2,customer,c553-49707739,22090b20-468e-4fba-a590-862f5bce19e2,theft,2023-03-06T15:05:50Z
Cory,Herman,11/7/1913,6,3,4,2,0,9655,4238,16,40,664,2886,5,,2022-03-30T16:01:49Z,954102b3-3938-4b32-8afb-282d9093cc18,customer,c826-14494050,954102b3-3938-4b32-8afb-282d9093cc18,breakin,2023-03-06T15:05:50Z
Ana,Franklin,6/30/1915,5,3,3,1,0,9082,4908,10,50,631,1956,5,,2022-10-18T11:09:26Z,072118f8-f04f-4eba-9229-e7aca19f73b7,customer,a776-24931345,072118f8-f04f-4eba-9229-e7aca19f73b7,breakin,2023-03-06T15:05:50Z
Damon,Ritter,2/26/1943,5,2,4,2,0,9213,4049,15,43,442,2896,5,,2022-05-10T16:06:00Z,1a9185ae-de26-4e32-851d-43dbd038d558,customer,d113-28893339,1a9185ae-de26-4e32-851d-43dbd038d558,breakin,2023-03-06T15:05:50Z
Julian,Daugherty,10/19/1969,4,2,4,1,0,7983,3290,10,42,518,2528,4,,2022-10-23T04:40:12Z,af1bb083-2dd0-4f69-9532-0f10b727fe12,customer,b482-05562564,af1bb083-2dd0-4f69-9532-0f10b727fe12,collision,2023-03-06T15:05:50Z
Christie,Payne,7/27/1991,5,3,3,1,0,6689,5670,13,54,573,2810,5,,2022-07-07T06:50:09Z,88d72c34-b6e2-4ee4-b6b2-27c5f11839d3,customer,c758-50778269,88d72c34-b6e2-4ee4-b6b2-27c5f11839d3,collision,2023-03-06T15:05:50Z
Cheryl,Phelps,9/17/1921,5,2,5,2,0,6628,7110,6,49,610,1762,4,,2022-12-26T23:22:58Z,4f2158af-e160-4e1b-8f17-586239ee0dab,customer,d378-10521302,4f2158af-e160-4e1b-8f17-586239ee0dab,breakin,2023-03-06T15:05:50Z
Nathaniel,Travis,7/4/2015,5,3,4,1,0,8975,4587,7,47,439,2876,6,,2022-10-19T21:25:41Z,e9c578cb-2883-4d8a-a8ac-c560ac9d7e36,customer,b304-92302715,e9c578cb-2883-4d8a-a8ac-c560ac9d7e36,collision,2023-03-06T15:05:50Z
Brianna,Lawson,3/26/1977,6,2,4,2,0,9071,4468,7,45,487,2759,7,,2022-05-20T14:37:40Z,7f2dd78f-c3b7-4bd7-aac0-8d9b7dbfdefb,customer,b274-65472091,7f2dd78f-c3b7-4bd7-aac0-8d9b7dbfdefb,theft,2023-03-06T15:05:50Z
Alexis,Gregory,10/16/1969,3,3,3,2,0,11871,5335,14,34,493,2777,4,,2022-12-29T14:18:55Z,3479a16e-2905-420c-9a4f-b3764cafcb19,customer,b132-86655713,3479a16e-2905-420c-9a4f-b3764cafcb19,breakin,2023-03-06T15:05:50Z
Bonnie,Shields,1/18/2017,7,2,3,2,0,7804,3631,11,44,706,2204,3,,2022-10-14T05:32:19Z,f8c3afaf-6b88-439a-a809-e133906b354d,customer,c601-06964416,f8c3afaf-6b88-439a-a809-e133906b354d,theft,2023-03-06T15:05:50Z
Dustin,Welch,2/2/1944,5,3,4,1,0,10570,5436,14,34,537,3248,4,,2022-04-23T06:57:49Z,a5173291-1dce-47c4-8f02-0f37ef410ee1,customer,a602-35881416,a5173291-1dce-47c4-8f02-0f37ef410ee1,breakin,2023-03-06T15:05:50Z
Shelia,Dodson,5/16/1953,6,2,4,1,0,10553,4164,8,43,438,2891,7,,2022-08-17T11:49:23Z,6b7a83be-14d2-4d74-bff0-f175d4dcccf7,customer,c964-20095105,6b7a83be-14d2-4d74-bff0-f175d4dcccf7,theft,2023-03-06T15:05:50Z
Kevin,Mullen,10/3/1969,4,2,5,1,0,11216,5900,10,44,582,2189,6,,2022-04-05T23:50:58Z,3f2a9986-1172-44d1-8503-0720c151b785,customer,d847-56788330,3f2a9986-1172-44d1-8503-0720c151b785,theft,2023-03-06T15:05:50Z
Wendy,Baxter,5/15/1967,5,3,4,1,0,5967,4599,10,44,513,3085,5,,2022-08-03T10:43:07Z,63f9e8fb-480a-4026-8c35-096017708e21,customer,b653-50926116,63f9e8fb-480a-4026-8c35-096017708e21,breakin,2023-03-06T15:05:50Z
Thomas,Soto,9/8/1951,4,2,3,1,0,14427,3739,13,42,704,3651,3,,2022-07-07T14:23:07Z,b0260fbe-5ad7-4d78-aa7f-a4bc96156eb9,customer,b130-21376614,b0260fbe-5ad7-4d78-aa7f-a4bc96156eb9,breakin,2023-03-06T15:05:50Z
Raven,Baldwin,1/27/1932,5,3,2,2,0,8301,3949,12,39,498,2784,5,,2022-03-26T20:35:01Z,0c33c349-9cad-491f-844d-ba885875351d,customer,b560-91052051,0c33c349-9cad-491f-844d-ba885875351d,theft,2023-03-06T15:05:50Z
Felicia,Lowery,10/17/1966,7,2,3,3,0,6124,6274,6,56,590,1751,5,,2022-03-27T15:58:25Z,bcad6645-58d2-44a9-81c4-e9c615ece2bf,customer,a586-37839740,bcad6645-58d2-44a9-81c4-e9c615ece2bf,collision,2023-03-06T15:05:50Z
Nicole,Rodgers,5/1/1936,5,2,4,1,0,12874,3107,10,43,616,3292,2,,2022-09-23T20:46:38Z,ebbfe2bb-5398-46d4-ad3e-f163657a9f02,customer,a421-66520464,ebbfe2bb-5398-46d4-ad3e-f163657a9f02,theft,2023-03-06T15:05:50Z
Becky,Mclaughlin,5/26/1968,5,3,4,1,0,10708,3546,16,43,732,3215,3,,2023-02-20T22:33:43Z,5b3026da-59cf-451b-9b37-bc7cb9c76872,customer,c301-48047011,5b3026da-59cf-451b-9b37-bc7cb9c76872,collision,2023-03-06T15:05:50Z
Donna,Mercer,5/25/1926,4,2,5,1,0,6242,5165,10,47,534,2808,5,,2022-08-24T19:33:59Z,342d3ebe-a183-4eee-b33a-b70c6f4d661b,customer,c427-42017261,342d3ebe-a183-4eee-b33a-b70c6f4d661b,collision,2023-03-06T15:05:50Z
Joan,Welch,7/10/1919,4,3,4,1,0,7454,4447,8,38,360,2323,6,,2022-09-09T04:57:43Z,6a2b87df-5c15-4f53-8ddb-ac6126f58775,customer,d738-92224932,6a2b87df-5c15-4f53-8ddb-ac6126f58775,theft,2023-03-06T15:05:50Z
Kristin,Garner,11/25/1990,7,2,3,2,0,6012,2624,11,42,402,2481,3,,2022-10-27T10:22:13Z,c2f1aad4-b4f4-4736-a377-686a030c4cfd,customer,a291-34478338,c2f1aad4-b4f4-4736-a377-686a030c4cfd,breakin,2023-03-06T15:05:50Z
Jeff,Dickerson,7/17/1975,3,2,3,2,0,14082,2413,14,32,460,2541,3,,2022-10-25T07:45:15Z,b968b7d6-3dc2-4675-b2ad-9db883373991,customer,d768-71779665,b968b7d6-3dc2-4675-b2ad-9db883373991,theft,2023-03-06T15:05:50Z
Luke,Cook,7/8/1954,6,2,4,1,0,8718,3747,14,42,677,3384,2,,2023-01-08T18:14:08Z,f2b845dd-b5a2-483a-bff6-d9407b62e79f,customer,b757-09281402,f2b845dd-b5a2-483a-bff6-d9407b62e79f,collision,2023-03-06T15:05:50Z
Dave,Hahn,12/27/1926,6,2,5,2,0,5381,6614,10,46,702,2298,5,,2023-02-10T05:01:52Z,cdf1eb0b-bb0d-4a7b-9fb4-a15ae4637d63,customer,c751-90164136,cdf1eb0b-bb0d-4a7b-9fb4-a15ae4637d63,breakin,2023-03-06T15:05:50Z
Charlotte,Porter,10/10/2000,5,2,4,2,0,9623,6016,7,47,441,1567,4,,2022-11-29T00:19:12Z,53ef4041-97f3-42c7-a439-bd49a849714f,customer,a856-49305298,53ef4041-97f3-42c7-a439-bd49a849714f,collision,2023-03-06T15:05:50Z
Bryce,Manning,3/13/1983,5,3,5,2,0,6434,4672,8,37,504,2491,6,,2022-10-02T13:41:45Z,db51bb2c-1ce7-41c6-9ec7-bf843b4e10d5,customer,b398-05632661,db51bb2c-1ce7-41c6-9ec7-bf843b4e10d5,breakin,2023-03-06T15:05:50Z
Roger,Peters,5/23/1927,6,2,4,3,0,4234,6947,8,49,632,1784,6,,2022-05-02T20:47:09Z,89160514-dff0-4d43-a542-4ac4c231c210,customer,a859-84037734,89160514-dff0-4d43-a542-4ac4c231c210,collision,2023-03-06T15:05:50Z
Tricia,Whitehead,10/28/1918,4,3,6,2,0,10575,3858,13,29,529,2809,2,,2022-05-31T11:59:26Z,f7d498d6-232d-4680-b429-59f8befebd43,customer,b675-96967337,f7d498d6-232d-4680-b429-59f8befebd43,breakin,2023-03-06T15:05:50Z
Damon,Gould,5/24/2006,4,3,3,1,0,13546,4055,12,40,764,3875,4,,2022-10-11T10:40:54Z,eb247f20-fda0-4b65-aa3c-a2ddac922857,customer,a536-24607513,eb247f20-fda0-4b65-aa3c-a2ddac922857,breakin,2023-03-06T15:05:50Z
Jodi,Hodges,2/23/1939,5,2,5,2,0,6913,5323,6,47,430,2290,5,,2022-03-13T18:59:53Z,8b4a7548-69d3-4736-8482-8533201b2a3c,customer,c745-28549886,8b4a7548-69d3-4736-8482-8533201b2a3c,collision,2023-03-06T15:05:50Z
Brad,Hays,5/4/2018,4,2,3,1,0,10439,4428,14,50,508,2703,5,,2022-11-06T05:00:00Z,c3be1c3d-19ba-467d-aa83-4adcb1e89269,customer,a892-41378355,c3be1c3d-19ba-467d-aa83-4adcb1e89269,breakin,2023-03-06T15:05:50Z
Mike,Sampson,12/23/1939,4,3,3,1,0,9103,3604,9,38,453,2242,6,,2022-04-02T07:39:52Z,67174dfb-7347-499a-8b8a-cc0512c64789,customer,b969-22912505,67174dfb-7347-499a-8b8a-cc0512c64789,collision,2023-03-06T15:05:50Z
Manuel,Shields,6/17/2006,5,2,3,2,0,6580,5211,7,58,575,2476,4,,2022-11-06T10:41:31Z,8032adaf-64f5-46bb-a295-e6a2d29a943d,customer,c095-27935603,8032adaf-64f5-46bb-a295-e6a2d29a943d,collision,2023-03-06T15:05:50Z
Melvin,Murray,7/27/1921,4,3,5,2,0,6209,5807,12,49,657,2085,4,,2022-08-30T11:02:28Z,70dd7f01-7cc5-47ea-b76c-29a9395fb3ca,customer,b306-53313558,70dd7f01-7cc5-47ea-b76c-29a9395fb3ca,breakin,2023-03-06T15:05:50Z
Richard,Underwood,12/11/1921,5,2,5,2,0,7614,5002,6,40,529,2576,6,,2023-01-14T12:37:12Z,21425211-94fc-4845-883a-1ffcbe40743e,customer,d670-21145494,21425211-94fc-4845-883a-1ffcbe40743e,theft,2023-03-06T15:05:50Z
Andrew,Marquez,10/1/1961,6,2,3,3,0,7531,5750,5,39,519,2054,8,,2022-11-27T09:13:56Z,52aeaaaf-4709-4312-8e73-0c31e7b848b8,customer,a972-76195679,52aeaaaf-4709-4312-8e73-0c31e7b848b8,theft,2023-03-06T15:05:50Z
Larry,Hayden,6/29/1989,4,2,4,2,0,6547,6092,4,46,422,2850,5,,2022-06-17T19:19:49Z,f8b600b3-cccd-48be-bece-113308d46346,customer,b537-30861682,f8b600b3-cccd-48be-bece-113308d46346,breakin,2023-03-06T15:05:50Z
Andres,Avila,5/4/1908,4,2,3,2,0,10134,5811,9,38,497,1796,6,,2023-02-19T16:44:15Z,523cd095-7e98-4de4-97b5-9e2d71c0947e,customer,a572-01075278,523cd095-7e98-4de4-97b5-9e2d71c0947e,breakin,2023-03-06T15:05:50Z
Paula,Ayers,8/17/2008,5,2,4,2,0,9635,2819,13,37,459,3064,3,,2022-05-29T16:53:43Z,d703e640-8f79-4cb0-b73b-7905bfa92957,customer,d175-56054777,d703e640-8f79-4cb0-b73b-7905bfa92957,breakin,2023-03-06T15:05:50Z
Gregg,Torres,10/15/1979,4,3,3,2,0,11611,3014,15,37,557,2423,3,,2022-03-08T09:28:41Z,9c857463-4669-446d-8bef-9d9a0e3dff11,customer,b319-12373595,9c857463-4669-446d-8bef-9d9a0e3dff11,theft,2023-03-06T15:05:50Z
Theresa,Santiago,7/19/1989,5,2,5,1,0,12860,3163,13,39,672,3927,2,,2022-08-09T02:30:09Z,86f49c57-f570-453f-afe3-c730a16958c3,customer,c131-11979969,86f49c57-f570-453f-afe3-c730a16958c3,collision,2023-03-06T15:05:50Z
Frank,George,1/4/1981,4,3,3,2,0,6739,5088,9,40,557,2140,5,,2022-09-04T09:22:42Z,56f370cb-bd09-4bc7-a729-bc3e8ae3029d,customer,d628-09545463,56f370cb-bd09-4bc7-a729-bc3e8ae3029d,breakin,2023-03-06T15:05:50Z
Bob,Abbott,10/1/1915,3,3,5,3,0,12635,4075,18,27,434,2997,3,,2022-04-25T03:23:55Z,00734cfe-6352-49ea-9b6f-2b2a2f97e13f,customer,c510-29093597,00734cfe-6352-49ea-9b6f-2b2a2f97e13f,theft,2023-03-06T15:05:50Z
Amy,Le,4/6/1906,6,2,2,2,0,9090,4122,12,52,828,2055,6,,2022-04-25T02:17:12Z,aa9b49a9-a25a-4391-84ff-df703c21efc4,customer,a803-27341584,aa9b49a9-a25a-4391-84ff-df703c21efc4,breakin,2023-03-06T15:05:50Z
Becky,Galloway,10/28/1926,4,2,4,2,0,7417,6285,9,45,509,2344,6,,2022-11-18T06:36:46Z,3818c2b9-50a4-43eb-a53a-b46e358c30be,customer,c830-12258754,3818c2b9-50a4-43eb-a53a-b46e358c30be,breakin,2023-03-06T15:05:50Z
Terrence,Williamson,10/10/2013,4,2,3,2,0,8498,5607,9,45,703,1764,5,,2022-07-27T17:51:37Z,4bef8d23-d8f2-46f9-a0df-69ff18d2e5d8,customer,a383-05085738,4bef8d23-d8f2-46f9-a0df-69ff18d2e5d8,breakin,2023-03-06T15:05:50Z
Jaclyn,Calderon,4/13/2004,6,3,4,2,0,9683,5476,13,40,644,2148,6,,2022-08-19T10:52:41Z,62630f4a-ea55-4b7c-8e25-97cf1df990b5,customer,b985-64771767,62630f4a-ea55-4b7c-8e25-97cf1df990b5,collision,2023-03-06T15:05:50Z
Sarah,Cuevas,4/13/1987,5,2,3,1,0,7391,5358,6,48,644,2250,4,,2023-03-04T15:55:38Z,ac781b1b-cc12-477a-a718-a8f3006e1e78,customer,a508-48013229,ac781b1b-cc12-477a-a718-a8f3006e1e78,collision,2023-03-06T15:05:50Z
Valerie,Chung,7/12/2018,4,3,5,2,0,5116,6535,11,52,575,2027,4,,2022-12-31T12:05:58Z,cf3dd985-0935-492b-a91e-4bfca9fb0816,customer,a482-52748096,cf3dd985-0935-492b-a91e-4bfca9fb0816,theft,2023-03-06T15:05:50Z
Glen,Payne,2/23/1929,5,3,4,2,0,3309,6960,11,50,671,1839,5,,2022-04-07T18:03:43Z,b82f29c6-fdfc-43ac-8e78-dfbfdef91df6,customer,c155-74021021,b82f29c6-fdfc-43ac-8e78-dfbfdef91df6,collision,2023-03-06T15:05:50Z
Patrick,Richard,3/21/1992,4,3,4,2,0,12514,3273,13,31,603,1654,4,,2022-12-22T07:45:04Z,4a5c9338-a96c-4016-9554-0e588a651563,customer,c795-54134357,4a5c9338-a96c-4016-9554-0e588a651563,collision,2023-03-06T15:05:50Z
Marvin,Kelley,5/19/1953,5,2,4,2,0,11328,2679,14,41,608,3115,3,,2022-04-12T16:57:06Z,f6e24a51-b2b0-46ba-84fd-e05e12383e9e,customer,b423-67370758,f6e24a51-b2b0-46ba-84fd-e05e12383e9e,theft,2023-03-06T15:05:50Z
Marc,Perez,12/15/1950,4,2,3,1,0,8903,6689,5,39,500,1788,5,,2022-08-07T12:22:11Z,12524bfe-1c02-4f1a-a4e9-484bf3eed0c6,customer,c192-95968430,12524bfe-1c02-4f1a-a4e9-484bf3eed0c6,collision,2023-03-06T15:05:50Z
Derek,Mccarthy,6/30/1984,4,3,4,2,0,10751,2747,16,34,507,2666,5,,2022-11-14T11:33:27Z,b32f22f7-dfcc-4c6d-bc79-9e190d47320f,customer,a150-95953317,b32f22f7-dfcc-4c6d-bc79-9e190d47320f,collision,2023-03-06T15:05:50Z
Jason,Sheppard,3/27/1931,6,3,3,2,0,8212,3608,17,43,479,3082,4,,2023-03-02T15:56:34Z,6287a998-38f0-43a3-b355-bab06f396aa6,customer,a998-25378924,6287a998-38f0-43a3-b355-bab06f396aa6,collision,2023-03-06T15:05:50Z
Yesenia,Barker,8/30/1929,4,3,3,2,0,11444,3738,14,35,485,3219,3,,2022-06-25T18:40:48Z,8d0cbc59-ce9d-4e3c-a7ef-d5fea11eb4da,customer,c305-80630141,8d0cbc59-ce9d-4e3c-a7ef-d5fea11eb4da,collision,2023-03-06T15:05:50Z
Cathy,Fox,3/21/1919,5,3,2,2,0,10991,2722,17,46,620,2852,4,,2022-10-10T05:30:57Z,b2e25002-033b-40db-a94d-cfc950ce3062,customer,d317-37886616,b2e25002-033b-40db-a94d-cfc950ce3062,collision,2023-03-06T15:05:50Z
Jade,Bird,3/4/1967,4,2,3,2,0,5832,7274,7,47,452,1269,4,,2023-03-05T05:47:05Z,079ba3d7-a123-4317-8378-0ee0e1767010,customer,b566-96949177,079ba3d7-a123-4317-8378-0ee0e1767010,collision,2023-03-06T15:05:50Z
Judith,Booker,8/19/1925,5,3,4,2,0,4180,4372,5,53,514,2427,5,,2022-08-21T16:57:38Z,db5e4dd1-00ef-4e24-9cad-fb4b710ba2b2,customer,a772-54480075,db5e4dd1-00ef-4e24-9cad-fb4b710ba2b2,theft,2023-03-06T15:05:50Z
Yesenia,Collins,8/23/1968,4,3,3,2,0,12369,4276,14,33,589,2792,5,,2022-08-17T02:03:15Z,b461b23e-37a2-4be3-bff6-bcee632500a2,customer,a486-56480346,b461b23e-37a2-4be3-bff6-bcee632500a2,collision,2023-03-06T15:05:50Z
Connor,Chung,6/24/1953,4,3,6,1,0,11693,4349,12,26,617,2832,4,,2022-11-25T16:59:01Z,4ef0671b-f23a-43c2-a038-6c440f40a01e,customer,a721-56141180,4ef0671b-f23a-43c2-a038-6c440f40a01e,theft,2023-03-06T15:05:50Z
Arthur,Gregory,11/19/1998,4,2,4,1,0,15332,5460,9,39,709,4053,2,,2022-11-01T13:23:30Z,1400fa7a-59eb-4316-b470-36bcb88ece8f,customer,a020-68676038,1400fa7a-59eb-4316-b470-36bcb88ece8f,collision,2023-03-06T15:05:50Z
Raymond,Skinner,8/2/1946,4,3,2,2,0,2440,4982,11,50,577,1778,5,,2023-02-22T23:24:28Z,cd770009-b459-472e-978e-f55c96f72e10,customer,b848-79017280,cd770009-b459-472e-978e-f55c96f72e10,collision,2023-03-06T15:05:50Z
Shelly,Powell,1/30/1930,4,2,4,1,0,8731,4408,12,54,514,2586,4,,2022-05-04T04:15:25Z,7f98540b-ea46-4919-bc47-08182eee5b1f,customer,c929-85307113,7f98540b-ea46-4919-bc47-08182eee5b1f,collision,2023-03-06T15:05:50Z
Karl,Phillips,4/29/1945,5,3,3,2,0,5861,4896,6,41,442,2255,6,,2022-04-25T14:24:19Z,1a0f24a1-5724-43a6-90c7-270f40dbb56c,customer,c252-65129786,1a0f24a1-5724-43a6-90c7-270f40dbb56c,theft,2023-03-06T15:05:50Z
Alicia,Rivera,8/16/1913,4,3,1,2,0,12764,4280,17,44,453,3156,4,,2022-12-28T14:38:23Z,b22be11b-549d-45ed-a560-0c0648e45b8f,customer,c570-48556833,b22be11b-549d-45ed-a560-0c0648e45b8f,collision,2023-03-06T15:05:50Z
Raymond,Barry,11/5/1986,5,3,3,1,0,10870,4402,18,39,631,3034,3,,2022-06-14T21:12:20Z,cfe5faa5-3e04-4da1-982d-3e56e8277837,customer,a619-78813062,cfe5faa5-3e04-4da1-982d-3e56e8277837,breakin,2023-03-06T15:05:50Z
Andres,Hahn,8/5/2005,6,2,5,2,0,10240,5939,7,48,504,2240,6,,2022-10-25T15:51:17Z,9218bac6-c0fb-4d2d-adcb-28fdeebc527d,customer,b862-55694379,9218bac6-c0fb-4d2d-adcb-28fdeebc527d,theft,2023-03-06T15:05:50Z
Kristin,Underwood,5/23/1977,4,3,4,2,0,8275,5202,12,51,639,1623,5,,2022-09-15T21:12:05Z,f6ebb48f-67c5-4843-b251-b30a61999730,customer,a791-87960190,f6ebb48f-67c5-4843-b251-b30a61999730,breakin,2023-03-06T15:05:50Z
Eduardo,Donovan,10/24/1978,3,2,4,2,0,6576,7646,5,48,457,1577,3,,2023-02-12T22:10:16Z,04fd4068-d90a-4590-96cf-9fe643af7dd9,customer,b130-90820914,04fd4068-d90a-4590-96cf-9fe643af7dd9,collision,2023-03-06T15:05:50Z
Becky,Benton,6/25/1992,5,2,4,2,0,7540,5112,10,57,675,2545,5,,2022-08-01T05:28:09Z,1a72313d-d557-4fef-86a4-6362b83292ab,customer,b905-58281130,1a72313d-d557-4fef-86a4-6362b83292ab,theft,2023-03-06T15:05:50Z
Amber,Bell,5/21/1920,4,2,4,2,0,7323,6573,6,60,536,2695,3,,2022-03-29T07:26:02Z,634fc72c-f6db-4e16-9c27-f801f40a8f79,customer,d585-31049599,634fc72c-f6db-4e16-9c27-f801f40a8f79,theft,2023-03-06T15:05:50Z
Darryl,Robbins,4/15/1988,5,2,6,2,0,10235,3967,1,52,394,3028,5,,2023-02-03T15:51:57Z,7a4acd7e-12a8-4ddc-a69c-647af906bbd4,customer,a062-07238625,7a4acd7e-12a8-4ddc-a69c-647af906bbd4,breakin,2023-03-06T15:05:50Z
Damon,Monroe,7/24/1962,4,3,5,2,0,11531,4357,15,33,532,2432,3,,2022-09-21T09:48:34Z,82484b4b-7760-470f-a410-44b944913fab,customer,c377-52730908,82484b4b-7760-470f-a410-44b944913fab,theft,2023-03-06T15:05:50Z
Rickey,Hale,12/7/1981,5,2,5,1,0,11312,4273,12,41,715,3492,3,,2022-09-23T08:04:01Z,8d38f7ea-9e6a-413c-9695-04cac9af5eca,customer,c217-15616403,8d38f7ea-9e6a-413c-9695-04cac9af5eca,collision,2023-03-06T15:05:50Z
Frances,Mcbride,8/2/1923,5,2,3,1,0,11371,4561,9,44,641,3602,2,,2022-11-09T02:57:28Z,dd373c11-b5d7-4ecd-8ccc-f88cf6060ab8,customer,d488-22030513,dd373c11-b5d7-4ecd-8ccc-f88cf6060ab8,breakin,2023-03-06T15:05:50Z
Christie,Villanueva,4/2/1931,4,2,3,1,0,7126,5004,8,47,441,2259,4,,2022-03-12T06:56:25Z,5d1a5a57-d74a-4df8-b465-a1762787fa44,customer,b152-40215030,5d1a5a57-d74a-4df8-b465-a1762787fa44,collision,2023-03-06T15:05:50Z
Mike,Bentley,11/12/2017,5,3,2,1,0,6358,4500,9,41,581,2238,6,,2022-04-02T13:21:17Z,0c014dcf-6d48-4896-97a6-ca01af31ac7b,customer,d623-86560873,0c014dcf-6d48-4896-97a6-ca01af31ac7b,collision,2023-03-06T15:05:50Z
Riley,Huffman,5/5/1945,6,2,4,2,0,9347,5741,6,49,480,1689,6,,2022-06-26T11:13:07Z,c1dc519d-428e-4902-801f-711f60df67e2,customer,a549-58929776,c1dc519d-428e-4902-801f-711f60df67e2,breakin,2023-03-06T15:05:50Z
Howard,Mooney,10/11/2001,6,2,4,2,0,8634,2741,13,45,659,2656,2,,2022-09-27T12:05:45Z,9587f553-9fb9-4d0c-b700-d5a34a949464,customer,d947-98931099,9587f553-9fb9-4d0c-b700-d5a34a949464,theft,2023-03-06T15:05:50Z
Gregg,Byrd,10/30/1981,4,2,5,2,0,11928,4148,12,37,589,3299,3,,2023-03-02T01:40:59Z,deec79a6-ef15-4328-a1bd-3cbc21c15cb3,customer,b068-70587069,deec79a6-ef15-4328-a1bd-3cbc21c15cb3,theft,2023-03-06T15:05:50Z
Jason,Franklin,2/4/1923,4,3,4,2,0,6774,5994,7,43,425,1629,5,,2022-04-03T02:49:40Z,845bae8c-575e-4154-999b-8f69210aebda,customer,b134-06181541,845bae8c-575e-4154-999b-8f69210aebda,collision,2023-03-06T15:05:50Z
Alexandra,Banks,5/18/1979,3,2,4,2,0,15208,3576,16,33,416,3684,3,,2023-01-19T07:28:19Z,77030685-d731-41a6-aa81-da1dd4df7dca,customer,a877-43615944,77030685-d731-41a6-aa81-da1dd4df7dca,breakin,2023-03-06T15:05:50Z
Charlene,Johns,10/12/2020,4,3,4,2,0,11627,5005,21,31,457,2622,4,,2022-08-18T13:50:49Z,efa845ce-d2c0-4bf2-b6ae-3745682b546b,customer,b171-39829977,efa845ce-d2c0-4bf2-b6ae-3745682b546b,theft,2023-03-06T15:05:50Z
Brooke,Wilkinson,11/3/1925,6,2,2,1,0,9270,3853,14,49,685,2820,5,,2022-07-02T00:41:41Z,7e98be49-6375-42e8-bf3d-c3899b3a04f6,customer,a483-59556740,7e98be49-6375-42e8-bf3d-c3899b3a04f6,theft,2023-03-06T15:05:50Z
Gina,Carney,5/18/2004,6,2,4,3,0,7275,6295,8,52,620,2270,6,,2023-01-27T11:20:42Z,1eb14a41-82ff-414a-be2a-6138ef102f1b,customer,b233-03544549,1eb14a41-82ff-414a-be2a-6138ef102f1b,theft,2023-03-06T15:05:50Z
Gwendolyn,Bond,8/25/1964,5,2,5,2,0,10784,3624,13,35,621,2661,3,,2022-06-25T11:50:25Z,99820b4b-cedc-4232-a93f-861ba1985205,customer,a742-52737037,99820b4b-cedc-4232-a93f-861ba1985205,breakin,2023-03-06T15:05:50Z
Chelsea,Schaefer,5/17/1917,3,2,2,1,0,7363,6357,10,50,526,2085,3,,2022-07-05T18:47:53Z,37e78445-91cc-40d8-abe1-98c55f032673,customer,c414-66380978,37e78445-91cc-40d8-abe1-98c55f032673,theft,2023-03-06T15:05:50Z
Veronica,Mack,3/28/1930,4,2,6,2,0,11071,5068,12,34,597,2907,3,,2022-06-15T07:05:46Z,cac5a870-2afe-4581-91a5-74ff1a11056e,customer,d606-95443031,cac5a870-2afe-4581-91a5-74ff1a11056e,breakin,2023-03-06T15:05:50Z
Kristine,Vaughan,5/22/1974,4,2,3,2,0,6961,5717,9,50,597,2318,5,,2023-01-18T13:43:21Z,b8b2d21c-d022-4ec8-baaf-b0a3045d0f4a,customer,b582-53484317,b8b2d21c-d022-4ec8-baaf-b0a3045d0f4a,collision,2023-03-06T15:05:50Z
Chad,Rush,9/25/1944,5,2,3,1,0,9392,4129,10,39,571,2989,1,,2023-01-08T03:17:32Z,7864da26-a9a1-4364-9118-63a8fac20207,customer,c239-47884559,7864da26-a9a1-4364-9118-63a8fac20207,breakin,2023-03-06T15:05:50Z
Mario,Barron,5/19/1999,6,2,4,2,0,8886,3883,8,51,683,2232,6,,2022-12-24T07:41:30Z,ff537d27-f5ce-4e14-94c8-e6a768dc8278,customer,a173-59562489,ff537d27-f5ce-4e14-94c8-e6a768dc8278,collision,2023-03-06T15:05:50Z
Jasmine,Espinoza,7/24/2009,5,3,5,2,0,4085,5267,5,50,454,2510,5,,2022-06-28T09:35:27Z,47c7ff37-9165-467e-8ed5-85b88d7f75d2,customer,a369-91349266,47c7ff37-9165-467e-8ed5-85b88d7f75d2,collision,2023-03-06T15:05:50Z
Tanya,Cantrell,12/16/1913,5,2,2,2,0,8126,6283,9,50,561,2269,6,,2022-03-09T02:21:30Z,a15ae0f9-ada8-4767-a892-99a02748bd88,customer,a345-00837614,a15ae0f9-ada8-4767-a892-99a02748bd88,breakin,2023-03-06T15:05:50Z
Andrea,Vargas,12/10/1996,4,2,3,1,0,9670,4263,12,40,519,2411,5,,2023-02-21T00:51:43Z,6ad69b09-9a26-4af8-9cc6-8162197a42a9,customer,c862-47924785,6ad69b09-9a26-4af8-9cc6-8162197a42a9,collision,2023-03-06T15:05:50Z
Leroy,Porter,11/1/1986,6,2,2,1,0,10936,4164,14,44,679,2741,3,,2022-08-16T01:43:35Z,be3e11a5-c3e0-4693-97ce-694d556ba59d,customer,a297-07857139,be3e11a5-c3e0-4693-97ce-694d556ba59d,collision,2023-03-06T15:05:50Z
Jay,Burgess,4/21/1949,5,2,3,1,0,11171,4986,11,42,609,4108,3,,2022-04-11T04:16:55Z,894b5242-2644-4c0e-9749-b7f58e2d6d4f,customer,b018-06226082,894b5242-2644-4c0e-9749-b7f58e2d6d4f,theft,2023-03-06T15:05:50Z
Amy,Ramirez,1/3/2012,5,2,4,2,0,8143,3255,11,41,511,2137,3,,2022-03-15T14:55:41Z,227beb36-919a-42b8-89aa-38a21de4fb01,customer,c121-66814360,227beb36-919a-42b8-89aa-38a21de4fb01,breakin,2023-03-06T15:05:50Z
Gregory,Cannon,8/24/1950,6,2,3,2,0,8047,5690,12,43,710,2103,6,,2022-04-17T00:42:35Z,723ec3f2-c705-4ff9-b76f-bcc114f88eb8,customer,b248-08023121,723ec3f2-c705-4ff9-b76f-bcc114f88eb8,theft,2023-03-06T15:05:50Z
Eugene,Henderson,7/23/1996,6,2,4,3,0,7506,6941,9,52,635,1142,5,,2022-04-07T07:37:32Z,a55afe9d-6a39-4138-b3fc-d434ffb050b2,customer,b302-43213338,a55afe9d-6a39-4138-b3fc-d434ffb050b2,theft,2023-03-06T15:05:50Z
Breanna,Russell,6/14/1984,5,2,3,2,0,13183,3784,13,42,452,3266,3,,2022-06-18T02:17:05Z,8abeed2c-dc07-44c1-bc67-e894a6cc4c0a,customer,d775-30409379,8abeed2c-dc07-44c1-bc67-e894a6cc4c0a,breakin,2023-03-06T15:05:50Z
Stephen,Flowers,2/5/1912,5,3,2,2,0,10382,4266,15,42,675,1755,4,,2022-12-25T02:52:58Z,1c1c8aca-fc71-4862-aa27-703b32121f39,customer,d140-10055806,1c1c8aca-fc71-4862-aa27-703b32121f39,collision,2023-03-06T15:05:50Z
Joanne,Rivas,11/16/1914,6,2,4,2,0,8707,3325,15,39,493,2934,3,,2022-07-03T17:48:03Z,5948dd40-08c0-4815-9f2a-248b2e67a344,customer,d044-27984383,5948dd40-08c0-4815-9f2a-248b2e67a344,collision,2023-03-06T15:05:50Z
Bradley,Bauer,11/29/1930,6,2,5,2,0,7904,2627,12,39,437,2909,2,,2022-06-01T12:41:13Z,1d013edd-7a0e-4b53-a1b7-b7d017bde968,customer,c268-91906710,1d013edd-7a0e-4b53-a1b7-b7d017bde968,breakin,2023-03-06T15:05:50Z
Lonnie,Barry,11/14/1911,5,3,4,1,0,8114,5573,11,48,665,2301,4,,2022-07-01T08:16:31Z,43da0805-29e5-44ea-b7b2-a1097757bb93,customer,a994-49596607,43da0805-29e5-44ea-b7b2-a1097757bb93,breakin,2023-03-06T15:05:50Z
Dillon,Caldwell,7/15/1949,5,2,2,2,0,9954,3548,14,48,538,2989,3,,2022-06-12T05:29:11Z,e5f25783-8eb3-4bfa-8bf5-06cef1052eae,customer,d551-21081682,e5f25783-8eb3-4bfa-8bf5-06cef1052eae,collision,2023-03-06T15:05:50Z
Kerri,Levine,9/13/1947,5,2,4,2,0,11166,3841,13,37,443,3387,1,,2022-07-30T03:21:52Z,ec4ebbb9-b7ed-4d6e-ba7c-0926df8f0f36,customer,a192-29737857,ec4ebbb9-b7ed-4d6e-ba7c-0926df8f0f36,theft,2023-03-06T15:05:50Z
Latoya,Bridges,4/5/1978,5,2,4,1,0,10209,3440,12,42,569,3036,3,,2022-09-05T02:36:39Z,23e615a6-58c5-443f-8717-bb8f922fa21e,customer,c399-68139653,23e615a6-58c5-443f-8717-bb8f922fa21e,breakin,2023-03-06T15:05:50Z
Philip,Austin,1/29/1969,5,2,5,2,0,8882,4343,8,39,565,2794,3,,2022-09-14T14:00:39Z,1dd69d8c-3513-45de-93ca-5e7aa6f88c90,customer,b860-58738498,1dd69d8c-3513-45de-93ca-5e7aa6f88c90,collision,2023-03-06T15:05:50Z
Tracey,Duffy,9/16/1983,5,3,5,2,0,2620,5885,9,51,764,2551,4,,2023-01-03T03:43:55Z,8c6072ac-c2c2-41ff-947b-ec40061595af,customer,a038-98653526,8c6072ac-c2c2-41ff-947b-ec40061595af,breakin,2023-03-06T15:05:50Z
Gina,Blackburn,5/21/1983,6,3,2,2,0,7407,5374,12,44,564,2556,4,,2022-05-13T15:07:01Z,6837ec35-0ceb-42f3-9fb9-0c5b65b68a76,customer,d068-19509819,6837ec35-0ceb-42f3-9fb9-0c5b65b68a76,theft,2023-03-06T15:05:50Z
Arthur,Patrick,5/18/1920,5,2,3,2,0,6460,6838,8,57,546,2328,4,,2022-04-08T23:06:54Z,3dd5bff1-6977-42f4-a945-493900b61422,customer,c540-02375586,3dd5bff1-6977-42f4-a945-493900b61422,breakin,2023-03-06T15:05:50Z
Grace,Waller,3/14/2007,3,2,3,2,0,7071,7862,10,46,543,1933,4,,2022-10-25T20:45:54Z,8a591281-1140-430a-a746-3f63147fd153,customer,b873-26956838,8a591281-1140-430a-a746-3f63147fd153,collision,2023-03-06T15:05:50Z
Neil,Blake,1/6/1999,4,2,3,2,0,12548,3903,11,40,565,2196,5,,2022-08-19T13:34:49Z,3bd96360-9a6f-43c2-aec4-de3b9e883fdd,customer,c837-70781646,3bd96360-9a6f-43c2-aec4-de3b9e883fdd,breakin,2023-03-06T15:05:50Z
Ana,Spears,6/15/1913,7,2,3,2,0,4810,5234,11,52,724,2308,6,,2022-11-09T14:02:55Z,dcaddaf7-dbc4-4543-b3e4-5bd47f79c695,customer,c455-69301792,dcaddaf7-dbc4-4543-b3e4-5bd47f79c695,collision,2023-03-06T15:05:50Z
Raven,Benjamin,1/6/1991,5,2,5,1,0,10245,3811,9,49,582,3238,6,,2022-10-11T18:08:54Z,a9081847-cdc4-4d9e-9f79-2f5ece3ecb2d,customer,c959-14527297,a9081847-cdc4-4d9e-9f79-2f5ece3ecb2d,theft,2023-03-06T15:05:50Z
Eric,Gross,4/20/1982,4,3,4,2,0,6475,5714,5,40,448,2330,3,,2022-07-13T23:09:14Z,53b20607-6752-4383-aed7-766c64f68822,customer,d108-24078397,53b20607-6752-4383-aed7-766c64f68822,theft,2023-03-06T15:05:50Z
Frances,Mcbride,12/25/1928,3,2,6,1,0,12878,3952,8,28,593,2965,1,,2022-09-09T21:29:55Z,618b0fa3-b540-4aca-91d1-c70951d380ea,customer,c123-04341993,618b0fa3-b540-4aca-91d1-c70951d380ea,theft,2023-03-06T15:05:50Z
Kristy,Franklin,11/23/1952,5,2,3,1,0,11387,3783,11,42,605,2567,4,,2022-06-01T10:48:21Z,b119541c-c204-4ad5-b453-aaaf46d62869,customer,d140-09554839,b119541c-c204-4ad5-b453-aaaf46d62869,breakin,2023-03-06T15:05:50Z
Thomas,Chan,9/21/1994,5,2,2,2,0,10280,4084,13,37,481,2456,5,,2022-10-22T04:13:23Z,947d1151-8ebe-47ae-b115-1aa799358b13,customer,b583-17258607,947d1151-8ebe-47ae-b115-1aa799358b13,theft,2023-03-06T15:05:50Z
Jake,Franklin,6/6/1981,7,2,4,3,0,6205,6863,6,48,615,1758,6,,2022-08-12T18:54:03Z,170bdd10-6521-45b6-a7d4-14a45efb4cc5,customer,b892-06769979,170bdd10-6521-45b6-a7d4-14a45efb4cc5,breakin,2023-03-06T15:05:50Z
Kristopher,Stephenson,8/16/2002,5,2,6,2,0,10052,3583,13,35,417,3137,3,,2022-04-20T18:25:33Z,5e96feb2-6fe0-4962-a8ac-eec9927dd158,customer,c039-65448796,5e96feb2-6fe0-4962-a8ac-eec9927dd158,collision,2023-03-06T15:05:50Z
Ellen,Madden,11/2/1996,5,2,4,2,0,10986,4546,14,31,614,2484,4,,2022-09-29T02:16:21Z,0cb364c8-1cfa-4e2b-8d13-5a21e2b47ff6,customer,c975-04617728,0cb364c8-1cfa-4e2b-8d13-5a21e2b47ff6,breakin,2023-03-06T15:05:50Z
Connie,Miles,2/8/1962,3,3,6,2,0,12272,3188,14,28,520,2373,2,,2022-12-08T06:22:08Z,5cbaed8a-d1a3-42aa-87ee-f44dd43f62da,customer,b328-34660229,5cbaed8a-d1a3-42aa-87ee-f44dd43f62da,collision,2023-03-06T15:05:50Z
Travis,Russo,8/20/1993,5,2,4,1,0,11244,1783,11,34,557,1644,2,,2022-11-22T22:36:41Z,8d3ef0e6-410e-4a82-bae0-cf03b5b6a347,customer,d480-39926337,8d3ef0e6-410e-4a82-bae0-cf03b5b6a347,breakin,2023-03-06T15:05:50Z
